,imdb_id,frame_num,is_horse,is_not_horse
0,24176,0,0,1
1,24176,24,0,1
2,24176,48,0,1
3,24176,72,0,1
4,24176,96,0,1
5,24176,120,0,1
6,24176,144,0,1
7,24176,168,0,1
8,24176,192,0,1
9,24176,216,0,1
10,24176,240,0,1
11,24176,264,0,1
12,24176,288,0,1
13,24176,312,0,1
14,24176,336,0,1
15,24176,360,0,1
16,24176,384,0,1
17,24176,408,0,1
18,24176,432,0,1
19,24176,456,0,1
20,24176,480,0,1
21,24176,504,0,1
22,24176,528,0,1
23,24176,552,0,1
24,24176,576,0,1
25,24176,600,0,1
26,24176,624,0,1
27,24176,648,0,1
28,24176,672,0,1
29,24176,696,0,1
30,24176,720,0,1
31,24176,744,0,1
32,24176,768,0,1
33,24176,792,0,1
34,24176,816,0,1
35,24176,840,0,1
36,24176,864,0,1
37,24176,888,0,1
38,24176,912,0,1
39,24176,936,0,1
40,24176,960,0,1
41,24176,984,0,1
42,24176,1008,0,1
43,24176,1032,0,1
44,24176,1056,0,1
45,24176,1080,0,1
46,24176,1104,0,1
47,24176,1128,0,1
48,24176,1152,0,1
49,24176,1176,0,1
50,24176,1200,0,1
51,24176,1224,0,1
52,24176,1248,0,1
53,24176,1272,0,1
54,24176,1296,0,1
55,24176,1320,0,1
56,24176,1344,0,1
57,24176,1368,0,1
58,24176,1392,0,1
59,24176,1416,0,1
60,24176,1440,0,1
61,24176,1464,0,1
62,24176,1488,0,1
63,24176,1512,0,1
64,24176,1536,0,1
65,24176,1560,0,1
66,24176,1584,0,1
67,24176,1608,0,1
68,24176,1632,0,1
69,24176,1656,0,1
70,24176,1680,0,1
71,24176,1704,0,1
72,24176,1728,0,1
73,24176,1752,0,1
74,24176,1776,0,1
75,24176,1800,0,1
76,24176,1824,0,1
77,24176,1848,0,1
78,24176,1872,0,1
79,24176,1896,0,1
80,24176,1920,0,1
81,24176,1944,0,1
82,24176,1968,0,1
83,24176,1992,0,1
84,24176,2016,0,1
85,24176,2040,0,1
86,24176,2064,0,1
87,24176,2088,0,1
88,24176,2112,0,1
89,24176,2136,0,1
90,24176,2160,0,1
91,24176,2184,0,1
92,24176,2208,0,1
93,24176,2232,0,1
94,24176,2256,0,1
95,24176,2280,0,1
96,24176,2304,0,1
97,24176,2328,0,1
98,24176,2352,0,1
99,24176,2376,0,1
100,24176,2400,0,1
101,24176,2424,0,1
102,24176,2448,0,1
103,24176,2472,0,1
104,24176,2496,0,1
105,24176,2520,0,1
106,24176,2544,0,1
107,24176,2568,0,1
108,24176,2592,0,1
109,24176,2616,0,1
110,24176,2640,0,1
111,24176,2664,0,1
112,24176,2688,0,1
113,24176,2712,0,1
114,24176,2736,0,1
115,24176,2760,0,1
116,24176,2784,0,1
117,24176,2808,0,1
118,24176,2832,0,1
119,24176,2856,0,1
120,24176,2880,0,1
121,24176,2904,0,1
122,24176,2928,0,1
123,24176,2952,0,1
124,24176,2976,0,1
125,24176,3000,0,1
126,24176,3024,0,1
127,24176,3048,0,1
128,24176,3072,0,1
129,24176,3096,0,1
130,24176,3120,0,1
131,24176,3144,0,1
132,24176,3168,0,1
133,24176,3192,0,1
134,24176,3216,0,1
135,24176,3240,0,1
136,24176,3264,0,1
137,24176,3288,0,1
138,24176,3312,0,1
139,24176,3336,0,1
140,24176,3360,0,1
141,24176,3384,0,1
142,24176,3408,0,1
143,24176,3432,0,1
144,24176,3456,1,0
145,24176,3480,0,1
146,24176,3504,0,1
147,24176,3528,0,1
148,24176,3552,0,1
149,24176,3576,0,1
150,24176,3600,0,1
151,24176,3624,0,1
152,24176,3648,0,1
153,24176,3672,0,1
154,24176,3696,0,1
155,24176,3720,0,1
156,24176,3744,0,1
157,24176,3768,0,1
158,24176,3792,0,1
159,24176,3816,0,1
160,24176,3840,0,1
161,24176,3864,0,1
162,24176,3888,0,1
163,24176,3912,0,1
164,24176,3936,0,1
165,24176,3960,0,1
166,24176,3984,0,1
167,24176,4008,0,1
168,24176,4032,0,1
169,24176,4056,0,1
170,24176,4080,0,1
171,24176,4104,0,1
172,24176,4128,0,1
173,24176,4152,0,1
174,24176,4176,0,1
175,24176,4200,0,1
176,24176,4224,0,1
177,24176,4248,0,1
178,24176,4272,0,1
179,24176,4296,0,1
180,24176,4320,0,1
181,24176,4344,0,1
182,24176,4368,0,1
183,24176,4392,0,1
184,24176,4416,0,1
185,24176,4440,0,1
186,24176,4464,0,1
187,24176,4488,0,1
188,24176,4512,0,1
189,24176,4536,0,1
190,24176,4560,0,1
191,24176,4584,0,1
192,24176,4608,0,1
193,24176,4632,0,1
194,24176,4656,0,1
195,24176,4680,0,1
196,24176,4704,0,1
197,24176,4728,0,1
198,24176,4752,0,1
199,24176,4776,0,1
200,24176,4800,0,1
201,24176,4824,0,1
202,24176,4848,0,1
203,24176,4872,0,1
204,24176,4896,0,1
205,24176,4920,0,1
206,24176,4944,0,1
207,24176,4968,0,1
208,24176,4992,0,1
209,24176,5016,0,1
210,24176,5040,0,1
211,24176,5064,0,1
212,24176,5088,0,1
213,24176,5112,0,1
214,24176,5136,0,1
215,24176,5160,0,1
216,24176,5184,0,1
217,24176,5208,0,1
218,24176,5232,0,1
219,24176,5256,0,1
220,24176,5280,0,1
221,24176,5304,0,1
222,24176,5328,0,1
223,24176,5352,0,1
224,24176,5376,0,1
225,24176,5400,0,1
226,24176,5424,0,1
227,24176,5448,0,1
228,24176,5472,0,1
229,24176,5496,0,1
230,24176,5520,0,1
231,24176,5544,0,1
232,24176,5568,0,1
233,24176,5592,0,1
234,24176,5616,0,1
235,24176,5640,0,1
236,24176,5664,0,1
237,24176,5688,0,1
238,24176,5712,0,1
239,24176,5736,1,0
240,24176,5760,1,0
241,24176,5784,1,0
242,24176,5808,0,1
243,24176,5832,0,1
244,24176,5856,0,1
245,24176,5880,0,1
246,24176,5904,0,1
247,24176,5928,0,1
248,24176,5952,1,0
249,24176,5976,0,1
250,24176,6000,0,1
251,24176,6024,0,1
252,24176,6048,0,1
253,24176,6072,0,1
254,24176,6096,0,1
255,24176,6120,0,1
256,24176,6144,0,1
257,24176,6168,0,1
258,24176,6192,0,1
259,24176,6216,0,1
260,24176,6240,0,1
261,24176,6264,0,1
262,24176,6288,0,1
263,24176,6312,0,1
264,24176,6336,0,1
265,24176,6360,0,1
266,24176,6384,0,1
267,24176,6408,0,1
268,24176,6432,0,1
269,24176,6456,0,1
270,24176,6480,0,1
271,24176,6504,0,1
272,24176,6528,0,1
273,24176,6552,0,1
274,24176,6576,0,1
275,24176,6600,0,1
276,24176,6624,0,1
277,24176,6648,0,1
278,24176,6672,0,1
279,24176,6696,0,1
280,24176,6720,0,1
281,24176,6744,0,1
282,24176,6768,0,1
283,24176,6792,0,1
284,24176,6816,0,1
285,24176,6840,0,1
286,24176,6864,0,1
287,24176,6888,0,1
288,24176,6912,0,1
289,24176,6936,0,1
290,24176,6960,0,1
291,24176,6984,0,1
292,24176,7008,0,1
293,24176,7032,0,1
294,24176,7056,0,1
295,24176,7080,0,1
296,24176,7104,0,1
297,24176,7128,0,1
298,24176,7152,0,1
299,24176,7176,0,1
300,24176,7200,0,1
301,24176,7224,0,1
302,24176,7248,0,1
303,24176,7272,0,1
304,24176,7296,0,1
305,24176,7320,0,1
306,24176,7344,0,1
307,24176,7368,0,1
308,24176,7392,0,1
309,24176,7416,0,1
310,24176,7440,0,1
311,24176,7464,0,1
312,24176,7488,0,1
313,24176,7512,0,1
314,24176,7536,0,1
315,24176,7560,0,1
316,24176,7584,0,1
317,24176,7608,0,1
318,24176,7632,0,1
319,24176,7656,0,1
320,24176,7680,0,1
321,24176,7704,0,1
322,24176,7728,0,1
323,24176,7752,0,1
324,24176,7776,0,1
325,24176,7800,0,1
326,24176,7824,0,1
327,24176,7848,0,1
328,24176,7872,0,1
329,24176,7896,0,1
330,24176,7920,0,1
331,24176,7944,0,1
332,24176,7968,0,1
333,24176,7992,0,1
334,24176,8016,0,1
335,24176,8040,0,1
336,24176,8064,0,1
337,24176,8088,0,1
338,24176,8112,0,1
339,24176,8136,0,1
340,24176,8160,0,1
341,24176,8184,0,1
342,24176,8208,0,1
343,24176,8232,0,1
344,24176,8256,0,1
345,24176,8280,0,1
346,24176,8304,0,1
347,24176,8328,0,1
348,24176,8352,0,1
349,24176,8376,0,1
350,24176,8400,0,1
351,24176,8424,0,1
352,24176,8448,0,1
353,24176,8472,0,1
354,24176,8496,0,1
355,24176,8520,0,1
356,24176,8544,0,1
357,24176,8568,0,1
358,24176,8592,0,1
359,24176,8616,0,1
360,24176,8640,0,1
361,24176,8664,0,1
362,24176,8688,0,1
363,24176,8712,0,1
364,24176,8736,0,1
365,24176,8760,0,1
366,24176,8784,0,1
367,24176,8808,0,1
368,24176,8832,0,1
369,24176,8856,0,1
370,24176,8880,0,1
371,24176,8904,0,1
372,24176,8928,0,1
373,24176,8952,0,1
374,24176,8976,0,1
375,24176,9000,0,1
376,24176,9024,0,1
377,24176,9048,0,1
378,24176,9072,0,1
379,24176,9096,0,1
380,24176,9120,0,1
381,24176,9144,0,1
382,24176,9168,0,1
383,24176,9192,0,1
384,24176,9216,0,1
385,24176,9240,0,1
386,24176,9264,0,1
387,24176,9288,0,1
388,24176,9312,0,1
389,24176,9336,0,1
390,24176,9360,0,1
391,24176,9384,0,1
392,24176,9408,0,1
393,24176,9432,0,1
394,24176,9456,0,1
395,24176,9480,0,1
396,24176,9504,0,1
397,24176,9528,0,1
398,24176,9552,0,1
399,24176,9576,0,1
400,24176,9600,0,1
401,24176,9624,0,1
402,24176,9648,0,1
403,24176,9672,0,1
404,24176,9696,0,1
405,24176,9720,0,1
406,24176,9744,0,1
407,24176,9768,0,1
408,24176,9792,0,1
409,24176,9816,0,1
410,24176,9840,0,1
411,24176,9864,0,1
412,24176,9888,0,1
413,24176,9912,0,1
414,24176,9936,0,1
415,24176,9960,0,1
416,24176,9984,0,1
417,24176,10008,0,1
418,24176,10032,0,1
419,24176,10056,0,1
420,24176,10080,0,1
421,24176,10104,0,1
422,24176,10128,0,1
423,24176,10152,0,1
424,24176,10176,0,1
425,24176,10200,0,1
426,24176,10224,0,1
427,24176,10248,0,1
428,24176,10272,0,1
429,24176,10296,0,1
430,24176,10320,0,1
431,24176,10344,0,1
432,24176,10368,0,1
433,24176,10392,0,1
434,24176,10416,0,1
435,24176,10440,0,1
436,24176,10464,0,1
437,24176,10488,0,1
438,24176,10512,0,1
439,24176,10536,0,1
440,24176,10560,0,1
441,24176,10584,0,1
442,24176,10608,0,1
443,24176,10632,0,1
444,24176,10656,0,1
445,24176,10680,0,1
446,24176,10704,0,1
447,24176,10728,0,1
448,24176,10752,0,1
449,24176,10776,0,1
450,24176,10800,0,1
451,24176,10824,0,1
452,24176,10848,0,1
453,24176,10872,0,1
454,24176,10896,0,1
455,24176,10920,0,1
456,24176,10944,0,1
457,24176,10968,0,1
458,24176,10992,0,1
459,24176,11016,0,1
460,24176,11040,0,1
461,24176,11064,0,1
462,24176,11088,0,1
463,24176,11112,0,1
464,24176,11136,0,1
465,24176,11160,0,1
466,24176,11184,0,1
467,24176,11208,0,1
468,24176,11232,0,1
469,24176,11256,0,1
470,24176,11280,0,1
471,24176,11304,0,1
472,24176,11328,0,1
473,24176,11352,0,1
474,24176,11376,0,1
475,24176,11400,0,1
476,24176,11424,0,1
477,24176,11448,0,1
478,24176,11472,0,1
479,24176,11496,0,1
480,24176,11520,0,1
481,24176,11544,0,1
482,24176,11568,0,1
483,24176,11592,0,1
484,24176,11616,0,1
485,24176,11640,0,1
486,24176,11664,0,1
487,24176,11688,0,1
488,24176,11712,0,1
489,24176,11736,0,1
490,24176,11760,0,1
491,24176,11784,0,1
492,24176,11808,0,1
493,24176,11832,0,1
494,24176,11856,0,1
495,24176,11880,0,1
496,24176,11904,0,1
497,24176,11928,0,1
498,24176,11952,0,1
499,24176,11976,0,1
500,24176,12000,0,1
501,24176,12024,0,1
502,24176,12048,0,1
503,24176,12072,0,1
504,24176,12096,0,1
505,24176,12120,0,1
506,24176,12144,0,1
507,24176,12168,0,1
508,24176,12192,0,1
509,24176,12216,0,1
510,24176,12240,0,1
511,24176,12264,0,1
512,24176,12288,0,1
513,24176,12312,0,1
514,24176,12336,0,1
515,24176,12360,0,1
516,24176,12384,0,1
517,24176,12408,1,0
518,24176,12432,1,0
519,24176,12456,1,0
520,24176,12480,0,1
521,24176,12504,0,1
522,24176,12528,0,1
523,24176,12552,0,1
524,24176,12576,0,1
525,24176,12600,0,1
526,24176,12624,0,1
527,24176,12648,0,1
528,24176,12672,0,1
529,24176,12696,0,1
530,24176,12720,0,1
531,24176,12744,0,1
532,24176,12768,0,1
533,24176,12792,0,1
534,24176,12816,0,1
535,24176,12840,0,1
536,24176,12864,0,1
537,24176,12888,0,1
538,24176,12912,0,1
539,24176,12936,0,1
540,24176,12960,0,1
541,24176,12984,0,1
542,24176,13008,0,1
543,24176,13032,0,1
544,24176,13056,0,1
545,24176,13080,0,1
546,24176,13104,0,1
547,24176,13128,0,1
548,24176,13152,0,1
549,24176,13176,0,1
550,24176,13200,0,1
551,24176,13224,0,1
552,24176,13248,0,1
553,24176,13272,0,1
554,24176,13296,0,1
555,24176,13320,0,1
556,24176,13344,0,1
557,24176,13368,0,1
558,24176,13392,0,1
559,24176,13416,0,1
560,24176,13440,0,1
561,24176,13464,0,1
562,24176,13488,0,1
563,24176,13512,0,1
564,24176,13536,0,1
565,24176,13560,0,1
566,24176,13584,0,1
567,24176,13608,0,1
568,24176,13632,0,1
569,24176,13656,0,1
570,24176,13680,0,1
571,24176,13704,0,1
572,24176,13728,0,1
573,24176,13752,0,1
574,24176,13776,0,1
575,24176,13800,0,1
576,24176,13824,0,1
577,24176,13848,0,1
578,24176,13872,0,1
579,24176,13896,0,1
580,24176,13920,0,1
581,24176,13944,0,1
582,24176,13968,0,1
583,24176,13992,0,1
584,24176,14016,0,1
585,24176,14040,0,1
586,24176,14064,0,1
587,24176,14088,0,1
588,24176,14112,0,1
589,24176,14136,0,1
590,24176,14160,0,1
591,24176,14184,0,1
592,24176,14208,0,1
593,24176,14232,0,1
594,24176,14256,0,1
595,24176,14280,0,1
596,24176,14304,0,1
597,24176,14328,0,1
598,24176,14352,0,1
599,24176,14376,0,1
600,24176,14400,0,1
601,24176,14424,0,1
602,24176,14448,0,1
603,24176,14472,0,1
604,24176,14496,0,1
605,24176,14520,0,1
606,24176,14544,0,1
607,24176,14568,0,1
608,24176,14592,0,1
609,24176,14616,0,1
610,24176,14640,0,1
611,24176,14664,0,1
612,24176,14688,0,1
613,24176,14712,0,1
614,24176,14736,0,1
615,24176,14760,0,1
616,24176,14784,0,1
617,24176,14808,0,1
618,24176,14832,0,1
619,24176,14856,0,1
620,24176,14880,0,1
621,24176,14904,0,1
622,24176,14928,0,1
623,24176,14952,0,1
624,24176,14976,0,1
625,24176,15000,0,1
626,24176,15024,0,1
627,24176,15048,0,1
628,24176,15072,0,1
629,24176,15096,0,1
630,24176,15120,0,1
631,24176,15144,0,1
632,24176,15168,0,1
633,24176,15192,0,1
634,24176,15216,0,1
635,24176,15240,0,1
636,24176,15264,0,1
637,24176,15288,0,1
638,24176,15312,0,1
639,24176,15336,0,1
640,24176,15360,0,1
641,24176,15384,0,1
642,24176,15408,0,1
643,24176,15432,0,1
644,24176,15456,0,1
645,24176,15480,0,1
646,24176,15504,0,1
647,24176,15528,0,1
648,24176,15552,0,1
649,24176,15576,0,1
650,24176,15600,0,1
651,24176,15624,0,1
652,24176,15648,0,1
653,24176,15672,0,1
654,24176,15696,0,1
655,24176,15720,0,1
656,24176,15744,0,1
657,24176,15768,0,1
658,24176,15792,0,1
659,24176,15816,0,1
660,24176,15840,0,1
661,24176,15864,0,1
662,24176,15888,0,1
663,24176,15912,0,1
664,24176,15936,0,1
665,24176,15960,0,1
666,24176,15984,0,1
667,24176,16008,0,1
668,24176,16032,0,1
669,24176,16056,0,1
670,24176,16080,0,1
671,24176,16104,0,1
672,24176,16128,0,1
673,24176,16152,0,1
674,24176,16176,0,1
675,24176,16200,0,1
676,24176,16224,0,1
677,24176,16248,0,1
678,24176,16272,0,1
679,24176,16296,0,1
680,24176,16320,0,1
681,24176,16344,0,1
682,24176,16368,0,1
683,24176,16392,0,1
684,24176,16416,0,1
685,24176,16440,0,1
686,24176,16464,0,1
687,24176,16488,0,1
688,24176,16512,0,1
689,24176,16536,0,1
690,24176,16560,0,1
691,24176,16584,0,1
692,24176,16608,0,1
693,24176,16632,0,1
694,24176,16656,0,1
695,24176,16680,0,1
696,24176,16704,0,1
697,24176,16728,0,1
698,24176,16752,0,1
699,24176,16776,0,1
700,24176,16800,0,1
701,24176,16824,0,1
702,24176,16848,0,1
703,24176,16872,0,1
704,24176,16896,0,1
705,24176,16920,0,1
706,24176,16944,0,1
707,24176,16968,0,1
708,24176,16992,0,1
709,24176,17016,1,0
710,24176,17040,0,1
711,24176,17064,0,1
712,24176,17088,0,1
713,24176,17112,0,1
714,24176,17136,0,1
715,24176,17160,0,1
716,24176,17184,0,1
717,24176,17208,0,1
718,24176,17232,0,1
719,24176,17256,0,1
720,24176,17280,0,1
721,24176,17304,0,1
722,24176,17328,0,1
723,24176,17352,0,1
724,24176,17376,0,1
725,24176,17400,0,1
726,24176,17424,0,1
727,24176,17448,0,1
728,24176,17472,0,1
729,24176,17496,0,1
730,24176,17520,0,1
731,24176,17544,0,1
732,24176,17568,0,1
733,24176,17592,0,1
734,24176,17616,0,1
735,24176,17640,0,1
736,24176,17664,0,1
737,24176,17688,0,1
738,24176,17712,0,1
739,24176,17736,0,1
740,24176,17760,0,1
741,24176,17784,0,1
742,24176,17808,0,1
743,24176,17832,0,1
744,24176,17856,0,1
745,24176,17880,0,1
746,24176,17904,0,1
747,24176,17928,0,1
748,24176,17952,0,1
749,24176,17976,0,1
750,24176,18000,0,1
751,24176,18024,1,0
752,24176,18048,0,1
753,24176,18072,0,1
754,24176,18096,1,0
755,24176,18120,1,0
756,24176,18144,1,0
757,24176,18168,1,0
758,24176,18192,1,0
759,24176,18216,1,0
760,24176,18240,1,0
761,24176,18264,1,0
762,24176,18288,1,0
763,24176,18312,1,0
764,24176,18336,1,0
765,24176,18360,1,0
766,24176,18384,1,0
767,24176,18408,1,0
768,24176,18432,1,0
769,24176,18456,1,0
770,24176,18480,0,1
771,24176,18504,0,1
772,24176,18528,0,1
773,24176,18552,0,1
774,24176,18576,0,1
775,24176,18600,0,1
776,24176,18624,0,1
777,24176,18648,0,1
778,24176,18672,0,1
779,24176,18696,0,1
780,24176,18720,0,1
781,24176,18744,1,0
782,24176,18768,0,1
783,24176,18792,0,1
784,24176,18816,0,1
785,24176,18840,0,1
786,24176,18864,0,1
787,24176,18888,0,1
788,24176,18912,0,1
789,24176,18936,0,1
790,24176,18960,0,1
791,24176,18984,0,1
792,24176,19008,0,1
793,24176,19032,0,1
794,24176,19056,0,1
795,24176,19080,0,1
796,24176,19104,0,1
797,24176,19128,0,1
798,24176,19152,0,1
799,24176,19176,0,1
800,24176,19200,0,1
801,24176,19224,0,1
802,24176,19248,0,1
803,24176,19272,0,1
804,24176,19296,0,1
805,24176,19320,1,0
806,24176,19344,1,0
807,24176,19368,1,0
808,24176,19392,0,1
809,24176,19416,0,1
810,24176,19440,1,0
811,24176,19464,1,0
812,24176,19488,0,1
813,24176,19512,0,1
814,24176,19536,0,1
815,24176,19560,0,1
816,24176,19584,0,1
817,24176,19608,0,1
818,24176,19632,0,1
819,24176,19656,1,0
820,24176,19680,0,1
821,24176,19704,1,0
822,24176,19728,1,0
823,24176,19752,0,1
824,24176,19776,0,1
825,24176,19800,0,1
826,24176,19824,0,1
827,24176,19848,0,1
828,24176,19872,0,1
829,24176,19896,0,1
830,24176,19920,0,1
831,24176,19944,0,1
832,24176,19968,0,1
833,24176,19992,0,1
834,24176,20016,0,1
835,24176,20040,0,1
836,24176,20064,0,1
837,24176,20088,0,1
838,24176,20112,0,1
839,24176,20136,0,1
840,24176,20160,0,1
841,24176,20184,1,0
842,24176,20208,0,1
843,24176,20232,0,1
844,24176,20256,1,0
845,24176,20280,1,0
846,24176,20304,0,1
847,24176,20328,0,1
848,24176,20352,1,0
849,24176,20376,0,1
850,24176,20400,0,1
851,24176,20424,0,1
852,24176,20448,0,1
853,24176,20472,0,1
854,24176,20496,0,1
855,24176,20520,0,1
856,24176,20544,0,1
857,24176,20568,0,1
858,24176,20592,0,1
859,24176,20616,0,1
860,24176,20640,0,1
861,24176,20664,0,1
862,24176,20688,0,1
863,24176,20712,0,1
864,24176,20736,0,1
865,24176,20760,0,1
866,24176,20784,0,1
867,24176,20808,0,1
868,24176,20832,0,1
869,24176,20856,0,1
870,24176,20880,0,1
871,24176,20904,0,1
872,24176,20928,0,1
873,24176,20952,0,1
874,24176,20976,0,1
875,24176,21000,0,1
876,24176,21024,0,1
877,24176,21048,0,1
878,24176,21072,1,0
879,24176,21096,1,0
880,24176,21120,1,0
881,24176,21144,1,0
882,24176,21168,1,0
883,24176,21192,1,0
884,24176,21216,0,1
885,24176,21240,1,0
886,24176,21264,0,1
887,24176,21288,0,1
888,24176,21312,0,1
889,24176,21336,0,1
890,24176,21360,1,0
891,24176,21384,0,1
892,24176,21408,1,0
893,24176,21432,1,0
894,24176,21456,0,1
895,24176,21480,1,0
896,24176,21504,0,1
897,24176,21528,0,1
898,24176,21552,1,0
899,24176,21576,1,0
900,24176,21600,1,0
901,24176,21624,1,0
902,24176,21648,1,0
903,24176,21672,1,0
904,24176,21696,1,0
905,24176,21720,1,0
906,24176,21744,1,0
907,24176,21768,1,0
908,24176,21792,1,0
909,24176,21816,1,0
910,24176,21840,1,0
911,24176,21864,0,1
912,24176,21888,0,1
913,24176,21912,0,1
914,24176,21936,0,1
915,24176,21960,0,1
916,24176,21984,1,0
917,24176,22008,1,0
918,24176,22032,0,1
919,24176,22056,1,0
920,24176,22080,0,1
921,24176,22104,0,1
922,24176,22128,0,1
923,24176,22152,0,1
924,24176,22176,0,1
925,24176,22200,0,1
926,24176,22224,0,1
927,24176,22248,0,1
928,24176,22272,0,1
929,24176,22296,0,1
930,24176,22320,0,1
931,24176,22344,0,1
932,24176,22368,0,1
933,24176,22392,0,1
934,24176,22416,0,1
935,24176,22440,0,1
936,24176,22464,0,1
937,24176,22488,0,1
938,24176,22512,1,0
939,24176,22536,1,0
940,24176,22560,1,0
941,24176,22584,1,0
942,24176,22608,0,1
943,24176,22632,1,0
944,24176,22656,0,1
945,24176,22680,0,1
946,24176,22704,0,1
947,24176,22728,0,1
948,24176,22752,1,0
949,24176,22776,0,1
950,24176,22800,1,0
951,24176,22824,0,1
952,24176,22848,1,0
953,24176,22872,0,1
954,24176,22896,1,0
955,24176,22920,0,1
956,24176,22944,0,1
957,24176,22968,0,1
958,24176,22992,0,1
959,24176,23016,0,1
960,24176,23040,0,1
961,24176,23064,0,1
962,24176,23088,1,0
963,24176,23112,1,0
964,24176,23136,1,0
965,24176,23160,1,0
966,24176,23184,1,0
967,24176,23208,1,0
968,24176,23232,1,0
969,24176,23256,0,1
970,24176,23280,0,1
971,24176,23304,0,1
972,24176,23328,0,1
973,24176,23352,0,1
974,24176,23376,0,1
975,24176,23400,0,1
976,24176,23424,0,1
977,24176,23448,0,1
978,24176,23472,1,0
979,24176,23496,1,0
980,24176,23520,1,0
981,24176,23544,1,0
982,24176,23568,1,0
983,24176,23592,1,0
984,24176,23616,1,0
985,24176,23640,1,0
986,24176,23664,0,1
987,24176,23688,0,1
988,24176,23712,0,1
989,24176,23736,0,1
990,24176,23760,0,1
991,24176,23784,0,1
992,24176,23808,0,1
993,24176,23832,0,1
994,24176,23856,0,1
995,24176,23880,0,1
996,24176,23904,0,1
997,24176,23928,0,1
998,24176,23952,0,1
999,24176,23976,0,1
1000,24176,24000,0,1
1001,24176,24024,0,1
1002,24176,24048,0,1
1003,24176,24072,0,1
1004,24176,24096,0,1
1005,24176,24120,0,1
1006,24176,24144,0,1
1007,24176,24168,0,1
1008,24176,24192,0,1
1009,24176,24216,0,1
1010,24176,24240,0,1
1011,24176,24264,0,1
1012,24176,24288,0,1
1013,24176,24312,0,1
1014,24176,24336,0,1
1015,24176,24360,0,1
1016,24176,24384,0,1
1017,24176,24408,0,1
1018,24176,24432,0,1
1019,24176,24456,0,1
1020,24176,24480,0,1
1021,24176,24504,1,0
1022,24176,24528,1,0
1023,24176,24552,1,0
1024,24176,24576,1,0
1025,24176,24600,1,0
1026,24176,24624,1,0
1027,24176,24648,0,1
1028,24176,24672,0,1
1029,24176,24696,0,1
1030,24176,24720,0,1
1031,24176,24744,0,1
1032,24176,24768,0,1
1033,24176,24792,0,1
1034,24176,24816,0,1
1035,24176,24840,0,1
1036,24176,24864,0,1
1037,24176,24888,0,1
1038,24176,24912,0,1
1039,24176,24936,0,1
1040,24176,24960,1,0
1041,24176,24984,0,1
1042,24176,25008,0,1
1043,24176,25032,0,1
1044,24176,25056,0,1
1045,24176,25080,0,1
1046,24176,25104,0,1
1047,24176,25128,1,0
1048,24176,25152,0,1
1049,24176,25176,0,1
1050,24176,25200,0,1
1051,24176,25224,0,1
1052,24176,25248,0,1
1053,24176,25272,0,1
1054,24176,25296,0,1
1055,24176,25320,0,1
1056,24176,25344,0,1
1057,24176,25368,0,1
1058,24176,25392,0,1
1059,24176,25416,0,1
1060,24176,25440,0,1
1061,24176,25464,1,0
1062,24176,25488,0,1
1063,24176,25512,0,1
1064,24176,25536,1,0
1065,24176,25560,1,0
1066,24176,25584,1,0
1067,24176,25608,0,1
1068,24176,25632,0,1
1069,24176,25656,1,0
1070,24176,25680,0,1
1071,24176,25704,0,1
1072,24176,25728,1,0
1073,24176,25752,1,0
1074,24176,25776,0,1
1075,24176,25800,0,1
1076,24176,25824,1,0
1077,24176,25848,1,0
1078,24176,25872,1,0
1079,24176,25896,1,0
1080,24176,25920,0,1
1081,24176,25944,0,1
1082,24176,25968,0,1
1083,24176,25992,1,0
1084,24176,26016,0,1
1085,24176,26040,1,0
1086,24176,26064,1,0
1087,24176,26088,1,0
1088,24176,26112,0,1
1089,24176,26136,0,1
1090,24176,26160,0,1
1091,24176,26184,0,1
1092,24176,26208,0,1
1093,24176,26232,0,1
1094,24176,26256,0,1
1095,24176,26280,0,1
1096,24176,26304,0,1
1097,24176,26328,0,1
1098,24176,26352,0,1
1099,24176,26376,0,1
1100,24176,26400,0,1
1101,24176,26424,0,1
1102,24176,26448,0,1
1103,24176,26472,0,1
1104,24176,26496,0,1
1105,24176,26520,1,0
1106,24176,26544,1,0
1107,24176,26568,0,1
1108,24176,26592,0,1
1109,24176,26616,0,1
1110,24176,26640,0,1
1111,24176,26664,0,1
1112,24176,26688,0,1
1113,24176,26712,0,1
1114,24176,26736,0,1
1115,24176,26760,0,1
1116,24176,26784,0,1
1117,24176,26808,0,1
1118,24176,26832,1,0
1119,24176,26856,0,1
1120,24176,26880,1,0
1121,24176,26904,0,1
1122,24176,26928,1,0
1123,24176,26952,1,0
1124,24176,26976,0,1
1125,24176,27000,0,1
1126,24176,27024,1,0
1127,24176,27048,1,0
1128,24176,27072,1,0
1129,24176,27096,1,0
1130,24176,27120,1,0
1131,24176,27144,1,0
1132,24176,27168,0,1
1133,24176,27192,1,0
1134,24176,27216,0,1
1135,24176,27240,0,1
1136,24176,27264,1,0
1137,24176,27288,1,0
1138,24176,27312,0,1
1139,24176,27336,0,1
1140,24176,27360,0,1
1141,24176,27384,0,1
1142,24176,27408,0,1
1143,24176,27432,0,1
1144,24176,27456,1,0
1145,24176,27480,0,1
1146,24176,27504,1,0
1147,24176,27528,1,0
1148,24176,27552,0,1
1149,24176,27576,0,1
1150,24176,27600,1,0
1151,24176,27624,0,1
1152,24176,27648,0,1
1153,24176,27672,0,1
1154,24176,27696,0,1
1155,24176,27720,0,1
1156,24176,27744,1,0
1157,24176,27768,1,0
1158,24176,27792,1,0
1159,24176,27816,0,1
1160,24176,27840,1,0
1161,24176,27864,0,1
1162,24176,27888,0,1
1163,24176,27912,1,0
1164,24176,27936,1,0
1165,24176,27960,1,0
1166,24176,27984,0,1
1167,24176,28008,0,1
1168,24176,28032,0,1
1169,24176,28056,0,1
1170,24176,28080,0,1
1171,24176,28104,0,1
1172,24176,28128,0,1
1173,24176,28152,1,0
1174,24176,28176,1,0
1175,24176,28200,1,0
1176,24176,28224,0,1
1177,24176,28248,1,0
1178,24176,28272,0,1
1179,24176,28296,0,1
1180,24176,28320,1,0
1181,24176,28344,0,1
1182,24176,28368,1,0
1183,24176,28392,0,1
1184,24176,28416,1,0
1185,24176,28440,0,1
1186,24176,28464,0,1
1187,24176,28488,0,1
1188,24176,28512,0,1
1189,24176,28536,0,1
1190,24176,28560,0,1
1191,24176,28584,0,1
1192,24176,28608,0,1
1193,24176,28632,1,0
1194,24176,28656,1,0
1195,24176,28680,1,0
1196,24176,28704,0,1
1197,24176,28728,1,0
1198,24176,28752,1,0
1199,24176,28776,0,1
1200,24176,28800,0,1
1201,24176,28824,0,1
1202,24176,28848,0,1
1203,24176,28872,0,1
1204,24176,28896,0,1
1205,24176,28920,0,1
1206,24176,28944,0,1
1207,24176,28968,0,1
1208,24176,28992,0,1
1209,24176,29016,0,1
1210,24176,29040,0,1
1211,24176,29064,0,1
1212,24176,29088,0,1
1213,24176,29112,0,1
1214,24176,29136,0,1
1215,24176,29160,0,1
1216,24176,29184,0,1
1217,24176,29208,0,1
1218,24176,29232,0,1
1219,24176,29256,0,1
1220,24176,29280,0,1
1221,24176,29304,0,1
1222,24176,29328,0,1
1223,24176,29352,0,1
1224,24176,29376,0,1
1225,24176,29400,0,1
1226,24176,29424,0,1
1227,24176,29448,0,1
1228,24176,29472,0,1
1229,24176,29496,0,1
1230,24176,29520,0,1
1231,24176,29544,0,1
1232,24176,29568,0,1
1233,24176,29592,0,1
1234,24176,29616,0,1
1235,24176,29640,0,1
1236,24176,29664,0,1
1237,24176,29688,0,1
1238,24176,29712,0,1
1239,24176,29736,0,1
1240,24176,29760,0,1
1241,24176,29784,0,1
1242,24176,29808,0,1
1243,24176,29832,0,1
1244,24176,29856,1,0
1245,24176,29880,1,0
1246,24176,29904,1,0
1247,24176,29928,1,0
1248,24176,29952,0,1
1249,24176,29976,1,0
1250,24176,30000,0,1
1251,24176,30024,0,1
1252,24176,30048,1,0
1253,24176,30072,1,0
1254,24176,30096,1,0
1255,24176,30120,1,0
1256,24176,30144,0,1
1257,24176,30168,0,1
1258,24176,30192,0,1
1259,24176,30216,0,1
1260,24176,30240,0,1
1261,24176,30264,0,1
1262,24176,30288,0,1
1263,24176,30312,0,1
1264,24176,30336,0,1
1265,24176,30360,0,1
1266,24176,30384,0,1
1267,24176,30408,0,1
1268,24176,30432,0,1
1269,24176,30456,0,1
1270,24176,30480,0,1
1271,24176,30504,0,1
1272,24176,30528,1,0
1273,24176,30552,0,1
1274,24176,30576,0,1
1275,24176,30600,0,1
1276,24176,30624,0,1
1277,24176,30648,0,1
1278,24176,30672,0,1
1279,24176,30696,0,1
1280,24176,30720,0,1
1281,24176,30744,0,1
1282,24176,30768,0,1
1283,24176,30792,0,1
1284,24176,30816,0,1
1285,24176,30840,0,1
1286,24176,30864,0,1
1287,24176,30888,0,1
1288,24176,30912,0,1
1289,24176,30936,0,1
1290,24176,30960,0,1
1291,24176,30984,0,1
1292,24176,31008,0,1
1293,24176,31032,0,1
1294,24176,31056,0,1
1295,24176,31080,0,1
1296,24176,31104,0,1
1297,24176,31128,0,1
1298,24176,31152,1,0
1299,24176,31176,1,0
1300,24176,31200,1,0
1301,24176,31224,0,1
1302,24176,31248,0,1
1303,24176,31272,0,1
1304,24176,31296,0,1
1305,24176,31320,0,1
1306,24176,31344,0,1
1307,24176,31368,0,1
1308,24176,31392,0,1
1309,24176,31416,0,1
1310,24176,31440,1,0
1311,24176,31464,1,0
1312,24176,31488,0,1
1313,24176,31512,0,1
1314,24176,31536,0,1
1315,24176,31560,0,1
1316,24176,31584,0,1
1317,24176,31608,0,1
1318,24176,31632,0,1
1319,24176,31656,0,1
1320,24176,31680,0,1
1321,24176,31704,0,1
1322,24176,31728,0,1
1323,24176,31752,0,1
1324,24176,31776,0,1
1325,24176,31800,0,1
1326,24176,31824,0,1
1327,24176,31848,0,1
1328,24176,31872,0,1
1329,24176,31896,0,1
1330,24176,31920,0,1
1331,24176,31944,0,1
1332,24176,31968,0,1
1333,24176,31992,0,1
1334,24176,32016,0,1
1335,24176,32040,0,1
1336,24176,32064,0,1
1337,24176,32088,0,1
1338,24176,32112,0,1
1339,24176,32136,0,1
1340,24176,32160,0,1
1341,24176,32184,0,1
1342,24176,32208,0,1
1343,24176,32232,0,1
1344,24176,32256,0,1
1345,24176,32280,0,1
1346,24176,32304,0,1
1347,24176,32328,0,1
1348,24176,32352,0,1
1349,24176,32376,0,1
1350,24176,32400,0,1
1351,24176,32424,0,1
1352,24176,32448,0,1
1353,24176,32472,0,1
1354,24176,32496,0,1
1355,24176,32520,0,1
1356,24176,32544,0,1
1357,24176,32568,0,1
1358,24176,32592,0,1
1359,24176,32616,0,1
1360,24176,32640,0,1
1361,24176,32664,0,1
1362,24176,32688,0,1
1363,24176,32712,0,1
1364,24176,32736,0,1
1365,24176,32760,0,1
1366,24176,32784,0,1
1367,24176,32808,0,1
1368,24176,32832,0,1
1369,24176,32856,0,1
1370,24176,32880,0,1
1371,24176,32904,0,1
1372,24176,32928,0,1
1373,24176,32952,0,1
1374,24176,32976,0,1
1375,24176,33000,0,1
1376,24176,33024,0,1
1377,24176,33048,0,1
1378,24176,33072,0,1
1379,24176,33096,0,1
1380,24176,33120,0,1
1381,24176,33144,0,1
1382,24176,33168,0,1
1383,24176,33192,0,1
1384,24176,33216,0,1
1385,24176,33240,0,1
1386,24176,33264,0,1
1387,24176,33288,0,1
1388,24176,33312,0,1
1389,24176,33336,0,1
1390,24176,33360,0,1
1391,24176,33384,0,1
1392,24176,33408,0,1
1393,24176,33432,0,1
1394,24176,33456,0,1
1395,24176,33480,0,1
1396,24176,33504,0,1
1397,24176,33528,0,1
1398,24176,33552,0,1
1399,24176,33576,0,1
1400,24176,33600,0,1
1401,24176,33624,0,1
1402,24176,33648,0,1
1403,24176,33672,0,1
1404,24176,33696,0,1
1405,24176,33720,0,1
1406,24176,33744,0,1
1407,24176,33768,0,1
1408,24176,33792,0,1
1409,24176,33816,0,1
1410,24176,33840,0,1
1411,24176,33864,0,1
1412,24176,33888,0,1
1413,24176,33912,0,1
1414,24176,33936,0,1
1415,24176,33960,0,1
1416,24176,33984,0,1
1417,24176,34008,0,1
1418,24176,34032,0,1
1419,24176,34056,0,1
1420,24176,34080,0,1
1421,24176,34104,0,1
1422,24176,34128,0,1
1423,24176,34152,0,1
1424,24176,34176,0,1
1425,24176,34200,0,1
1426,24176,34224,0,1
1427,24176,34248,0,1
1428,24176,34272,0,1
1429,24176,34296,0,1
1430,24176,34320,0,1
1431,24176,34344,0,1
1432,24176,34368,0,1
1433,24176,34392,0,1
1434,24176,34416,0,1
1435,24176,34440,0,1
1436,24176,34464,0,1
1437,24176,34488,0,1
1438,24176,34512,0,1
1439,24176,34536,0,1
1440,24176,34560,0,1
1441,24176,34584,0,1
1442,24176,34608,1,0
1443,24176,34632,0,1
1444,24176,34656,1,0
1445,24176,34680,0,1
1446,24176,34704,0,1
1447,24176,34728,1,0
1448,24176,34752,1,0
1449,24176,34776,0,1
1450,24176,34800,0,1
1451,24176,34824,1,0
1452,24176,34848,0,1
1453,24176,34872,0,1
1454,24176,34896,0,1
1455,24176,34920,0,1
1456,24176,34944,0,1
1457,24176,34968,0,1
1458,24176,34992,0,1
1459,24176,35016,0,1
1460,24176,35040,0,1
1461,24176,35064,0,1
1462,24176,35088,0,1
1463,24176,35112,0,1
1464,24176,35136,0,1
1465,24176,35160,0,1
1466,24176,35184,1,0
1467,24176,35208,1,0
1468,24176,35232,0,1
1469,24176,35256,1,0
1470,24176,35280,1,0
1471,24176,35304,0,1
1472,24176,35328,1,0
1473,24176,35352,0,1
1474,24176,35376,0,1
1475,24176,35400,0,1
1476,24176,35424,1,0
1477,24176,35448,0,1
1478,24176,35472,1,0
1479,24176,35496,0,1
1480,24176,35520,0,1
1481,24176,35544,0,1
1482,24176,35568,0,1
1483,24176,35592,0,1
1484,24176,35616,1,0
1485,24176,35640,1,0
1486,24176,35664,0,1
1487,24176,35688,0,1
1488,24176,35712,0,1
1489,24176,35736,0,1
1490,24176,35760,0,1
1491,24176,35784,0,1
1492,24176,35808,0,1
1493,24176,35832,0,1
1494,24176,35856,0,1
1495,24176,35880,0,1
1496,24176,35904,0,1
1497,24176,35928,0,1
1498,24176,35952,0,1
1499,24176,35976,0,1
1500,24176,36000,0,1
1501,24176,36024,0,1
1502,24176,36048,0,1
1503,24176,36072,0,1
1504,24176,36096,0,1
1505,24176,36120,0,1
1506,24176,36144,0,1
1507,24176,36168,0,1
1508,24176,36192,0,1
1509,24176,36216,0,1
1510,24176,36240,0,1
1511,24176,36264,0,1
1512,24176,36288,0,1
1513,24176,36312,0,1
1514,24176,36336,0,1
1515,24176,36360,0,1
1516,24176,36384,0,1
1517,24176,36408,0,1
1518,24176,36432,0,1
1519,24176,36456,0,1
1520,24176,36480,0,1
1521,24176,36504,0,1
1522,24176,36528,0,1
1523,24176,36552,0,1
1524,24176,36576,0,1
1525,24176,36600,0,1
1526,24176,36624,0,1
1527,24176,36648,0,1
1528,24176,36672,0,1
1529,24176,36696,0,1
1530,24176,36720,0,1
1531,24176,36744,0,1
1532,24176,36768,0,1
1533,24176,36792,0,1
1534,24176,36816,0,1
1535,24176,36840,0,1
1536,24176,36864,0,1
1537,24176,36888,0,1
1538,24176,36912,0,1
1539,24176,36936,0,1
1540,24176,36960,0,1
1541,24176,36984,0,1
1542,24176,37008,0,1
1543,24176,37032,0,1
1544,24176,37056,0,1
1545,24176,37080,0,1
1546,24176,37104,0,1
1547,24176,37128,0,1
1548,24176,37152,0,1
1549,24176,37176,0,1
1550,24176,37200,0,1
1551,24176,37224,0,1
1552,24176,37248,0,1
1553,24176,37272,0,1
1554,24176,37296,0,1
1555,24176,37320,0,1
1556,24176,37344,0,1
1557,24176,37368,0,1
1558,24176,37392,0,1
1559,24176,37416,0,1
1560,24176,37440,0,1
1561,24176,37464,0,1
1562,24176,37488,0,1
1563,24176,37512,0,1
1564,24176,37536,0,1
1565,24176,37560,0,1
1566,24176,37584,0,1
1567,24176,37608,0,1
1568,24176,37632,0,1
1569,24176,37656,0,1
1570,24176,37680,0,1
1571,24176,37704,1,0
1572,24176,37728,0,1
1573,24176,37752,0,1
1574,24176,37776,0,1
1575,24176,37800,0,1
1576,24176,37824,0,1
1577,24176,37848,0,1
1578,24176,37872,0,1
1579,24176,37896,0,1
1580,24176,37920,0,1
1581,24176,37944,0,1
1582,24176,37968,0,1
1583,24176,37992,0,1
1584,24176,38016,0,1
1585,24176,38040,0,1
1586,24176,38064,0,1
1587,24176,38088,0,1
1588,24176,38112,0,1
1589,24176,38136,0,1
1590,24176,38160,0,1
1591,24176,38184,0,1
1592,24176,38208,0,1
1593,24176,38232,0,1
1594,24176,38256,0,1
1595,24176,38280,0,1
1596,24176,38304,0,1
1597,24176,38328,0,1
1598,24176,38352,0,1
1599,24176,38376,0,1
1600,24176,38400,0,1
1601,24176,38424,0,1
1602,24176,38448,0,1
1603,24176,38472,0,1
1604,24176,38496,0,1
1605,24176,38520,0,1
1606,24176,38544,0,1
1607,24176,38568,0,1
1608,24176,38592,0,1
1609,24176,38616,0,1
1610,24176,38640,0,1
1611,24176,38664,0,1
1612,24176,38688,0,1
1613,24176,38712,0,1
1614,24176,38736,0,1
1615,24176,38760,0,1
1616,24176,38784,0,1
1617,24176,38808,0,1
1618,24176,38832,0,1
1619,24176,38856,0,1
1620,24176,38880,0,1
1621,24176,38904,0,1
1622,24176,38928,0,1
1623,24176,38952,0,1
1624,24176,38976,0,1
1625,24176,39000,0,1
1626,24176,39024,0,1
1627,24176,39048,0,1
1628,24176,39072,1,0
1629,24176,39096,0,1
1630,24176,39120,0,1
1631,24176,39144,0,1
1632,24176,39168,0,1
1633,24176,39192,0,1
1634,24176,39216,0,1
1635,24176,39240,0,1
1636,24176,39264,0,1
1637,24176,39288,1,0
1638,24176,39312,0,1
1639,24176,39336,0,1
1640,24176,39360,0,1
1641,24176,39384,0,1
1642,24176,39408,0,1
1643,24176,39432,0,1
1644,24176,39456,0,1
1645,24176,39480,0,1
1646,24176,39504,0,1
1647,24176,39528,0,1
1648,24176,39552,0,1
1649,24176,39576,0,1
1650,24176,39600,0,1
1651,24176,39624,0,1
1652,24176,39648,0,1
1653,24176,39672,0,1
1654,24176,39696,0,1
1655,24176,39720,0,1
1656,24176,39744,0,1
1657,24176,39768,0,1
1658,24176,39792,0,1
1659,24176,39816,0,1
1660,24176,39840,0,1
1661,24176,39864,0,1
1662,24176,39888,0,1
1663,24176,39912,0,1
1664,24176,39936,0,1
1665,24176,39960,0,1
1666,24176,39984,0,1
1667,24176,40008,0,1
1668,24176,40032,0,1
1669,24176,40056,0,1
1670,24176,40080,0,1
1671,24176,40104,0,1
1672,24176,40128,0,1
1673,24176,40152,0,1
1674,24176,40176,0,1
1675,24176,40200,0,1
1676,24176,40224,0,1
1677,24176,40248,0,1
1678,24176,40272,0,1
1679,24176,40296,0,1
1680,24176,40320,0,1
1681,24176,40344,0,1
1682,24176,40368,0,1
1683,24176,40392,0,1
1684,24176,40416,0,1
1685,24176,40440,0,1
1686,24176,40464,0,1
1687,24176,40488,0,1
1688,24176,40512,0,1
1689,24176,40536,0,1
1690,24176,40560,0,1
1691,24176,40584,0,1
1692,24176,40608,0,1
1693,24176,40632,0,1
1694,24176,40656,0,1
1695,24176,40680,0,1
1696,24176,40704,0,1
1697,24176,40728,0,1
1698,24176,40752,0,1
1699,24176,40776,0,1
1700,24176,40800,0,1
1701,24176,40824,0,1
1702,24176,40848,0,1
1703,24176,40872,0,1
1704,24176,40896,0,1
1705,24176,40920,0,1
1706,24176,40944,0,1
1707,24176,40968,0,1
1708,24176,40992,0,1
1709,24176,41016,0,1
1710,24176,41040,0,1
1711,24176,41064,0,1
1712,24176,41088,0,1
1713,24176,41112,0,1
1714,24176,41136,0,1
1715,24176,41160,0,1
1716,24176,41184,0,1
1717,24176,41208,0,1
1718,24176,41232,0,1
1719,24176,41256,0,1
1720,24176,41280,0,1
1721,24176,41304,0,1
1722,24176,41328,0,1
1723,24176,41352,0,1
1724,24176,41376,0,1
1725,24176,41400,0,1
1726,24176,41424,0,1
1727,24176,41448,0,1
1728,24176,41472,0,1
1729,24176,41496,0,1
1730,24176,41520,0,1
1731,24176,41544,0,1
1732,24176,41568,0,1
1733,24176,41592,0,1
1734,24176,41616,0,1
1735,24176,41640,0,1
1736,24176,41664,0,1
1737,24176,41688,0,1
1738,24176,41712,0,1
1739,24176,41736,0,1
1740,24176,41760,0,1
1741,24176,41784,0,1
1742,24176,41808,0,1
1743,24176,41832,0,1
1744,24176,41856,0,1
1745,24176,41880,0,1
1746,24176,41904,0,1
1747,24176,41928,0,1
1748,24176,41952,0,1
1749,24176,41976,0,1
1750,24176,42000,0,1
1751,24176,42024,0,1
1752,24176,42048,0,1
1753,24176,42072,0,1
1754,24176,42096,0,1
1755,24176,42120,0,1
1756,24176,42144,0,1
1757,24176,42168,0,1
1758,24176,42192,0,1
1759,24176,42216,0,1
1760,24176,42240,0,1
1761,24176,42264,0,1
1762,24176,42288,0,1
1763,24176,42312,0,1
1764,24176,42336,0,1
1765,24176,42360,0,1
1766,24176,42384,0,1
1767,24176,42408,0,1
1768,24176,42432,0,1
1769,24176,42456,0,1
1770,24176,42480,0,1
1771,24176,42504,0,1
1772,24176,42528,0,1
1773,24176,42552,0,1
1774,24176,42576,0,1
1775,24176,42600,0,1
1776,24176,42624,0,1
1777,24176,42648,0,1
1778,24176,42672,0,1
1779,24176,42696,0,1
1780,24176,42720,0,1
1781,24176,42744,0,1
1782,24176,42768,0,1
1783,24176,42792,0,1
1784,24176,42816,0,1
1785,24176,42840,0,1
1786,24176,42864,0,1
1787,24176,42888,0,1
1788,24176,42912,0,1
1789,24176,42936,0,1
1790,24176,42960,0,1
1791,24176,42984,0,1
1792,24176,43008,0,1
1793,24176,43032,0,1
1794,24176,43056,0,1
1795,24176,43080,0,1
1796,24176,43104,0,1
1797,24176,43128,0,1
1798,24176,43152,0,1
1799,24176,43176,0,1
1800,24176,43200,0,1
1801,24176,43224,0,1
1802,24176,43248,0,1
1803,24176,43272,0,1
1804,24176,43296,0,1
1805,24176,43320,0,1
1806,24176,43344,0,1
1807,24176,43368,0,1
1808,24176,43392,0,1
1809,24176,43416,0,1
1810,24176,43440,0,1
1811,24176,43464,0,1
1812,24176,43488,0,1
1813,24176,43512,0,1
1814,24176,43536,0,1
1815,24176,43560,0,1
1816,24176,43584,0,1
1817,24176,43608,0,1
1818,24176,43632,0,1
1819,24176,43656,0,1
1820,24176,43680,0,1
1821,24176,43704,0,1
1822,24176,43728,0,1
1823,24176,43752,0,1
1824,24176,43776,0,1
1825,24176,43800,0,1
1826,24176,43824,0,1
1827,24176,43848,0,1
1828,24176,43872,0,1
1829,24176,43896,0,1
1830,24176,43920,0,1
1831,24176,43944,0,1
1832,24176,43968,0,1
1833,24176,43992,0,1
1834,24176,44016,0,1
1835,24176,44040,0,1
1836,24176,44064,0,1
1837,24176,44088,0,1
1838,24176,44112,0,1
1839,24176,44136,0,1
1840,24176,44160,0,1
1841,24176,44184,0,1
1842,24176,44208,0,1
1843,24176,44232,0,1
1844,24176,44256,0,1
1845,24176,44280,0,1
1846,24176,44304,0,1
1847,24176,44328,0,1
1848,24176,44352,0,1
1849,24176,44376,0,1
1850,24176,44400,0,1
1851,24176,44424,0,1
1852,24176,44448,0,1
1853,24176,44472,1,0
1854,24176,44496,0,1
1855,24176,44520,1,0
1856,24176,44544,0,1
1857,24176,44568,0,1
1858,24176,44592,0,1
1859,24176,44616,0,1
1860,24176,44640,0,1
1861,24176,44664,1,0
1862,24176,44688,1,0
1863,24176,44712,0,1
1864,24176,44736,0,1
1865,24176,44760,0,1
1866,24176,44784,0,1
1867,24176,44808,0,1
1868,24176,44832,0,1
1869,24176,44856,0,1
1870,24176,44880,0,1
1871,24176,44904,0,1
1872,24176,44928,0,1
1873,24176,44952,0,1
1874,24176,44976,0,1
1875,24176,45000,0,1
1876,24176,45024,0,1
1877,24176,45048,1,0
1878,24176,45072,0,1
1879,24176,45096,0,1
1880,24176,45120,1,0
1881,24176,45144,0,1
1882,24176,45168,0,1
1883,24176,45192,1,0
1884,24176,45216,0,1
1885,24176,45240,0,1
1886,24176,45264,0,1
1887,24176,45288,1,0
1888,24176,45312,1,0
1889,24176,45336,1,0
1890,24176,45360,1,0
1891,24176,45384,1,0
1892,24176,45408,1,0
1893,24176,45432,1,0
1894,24176,45456,1,0
1895,24176,45480,1,0
1896,24176,45504,1,0
1897,24176,45528,0,1
1898,24176,45552,0,1
1899,24176,45576,0,1
1900,24176,45600,0,1
1901,24176,45624,0,1
1902,24176,45648,0,1
1903,24176,45672,0,1
1904,24176,45696,0,1
1905,24176,45720,0,1
1906,24176,45744,0,1
1907,24176,45768,0,1
1908,24176,45792,0,1
1909,24176,45816,0,1
1910,24176,45840,0,1
1911,24176,45864,1,0
1912,24176,45888,0,1
1913,24176,45912,0,1
1914,24176,45936,0,1
1915,24176,45960,0,1
1916,24176,45984,0,1
1917,24176,46008,0,1
1918,24176,46032,0,1
1919,24176,46056,1,0
1920,24176,46080,1,0
1921,24176,46104,1,0
1922,24176,46128,1,0
1923,24176,46152,1,0
1924,24176,46176,1,0
1925,24176,46200,1,0
1926,24176,46224,1,0
1927,24176,46248,0,1
1928,24176,46272,0,1
1929,24176,46296,0,1
1930,24176,46320,0,1
1931,24176,46344,0,1
1932,24176,46368,0,1
1933,24176,46392,0,1
1934,24176,46416,0,1
1935,24176,46440,0,1
1936,24176,46464,0,1
1937,24176,46488,0,1
1938,24176,46512,0,1
1939,24176,46536,0,1
1940,24176,46560,0,1
1941,24176,46584,0,1
1942,24176,46608,0,1
1943,24176,46632,0,1
1944,24176,46656,0,1
1945,24176,46680,0,1
1946,24176,46704,0,1
1947,24176,46728,0,1
1948,24176,46752,0,1
1949,24176,46776,0,1
1950,24176,46800,0,1
1951,24176,46824,0,1
1952,24176,46848,0,1
1953,24176,46872,0,1
1954,24176,46896,0,1
1955,24176,46920,0,1
1956,24176,46944,0,1
1957,24176,46968,0,1
1958,24176,46992,0,1
1959,24176,47016,0,1
1960,24176,47040,0,1
1961,24176,47064,0,1
1962,24176,47088,0,1
1963,24176,47112,0,1
1964,24176,47136,0,1
1965,24176,47160,1,0
1966,24176,47184,1,0
1967,24176,47208,1,0
1968,24176,47232,0,1
1969,24176,47256,0,1
1970,24176,47280,0,1
1971,24176,47304,0,1
1972,24176,47328,1,0
1973,24176,47352,0,1
1974,24176,47376,0,1
1975,24176,47400,0,1
1976,24176,47424,0,1
1977,24176,47448,0,1
1978,24176,47472,0,1
1979,24176,47496,0,1
1980,24176,47520,0,1
1981,24176,47544,0,1
1982,24176,47568,0,1
1983,24176,47592,0,1
1984,24176,47616,0,1
1985,24176,47640,0,1
1986,24176,47664,0,1
1987,24176,47688,0,1
1988,24176,47712,0,1
1989,24176,47736,0,1
1990,24176,47760,0,1
1991,24176,47784,0,1
1992,24176,47808,0,1
1993,24176,47832,0,1
1994,24176,47856,0,1
1995,24176,47880,0,1
1996,24176,47904,0,1
1997,24176,47928,0,1
1998,24176,47952,0,1
1999,24176,47976,0,1
2000,24176,48000,0,1
2001,24176,48024,0,1
2002,24176,48048,0,1
2003,24176,48072,0,1
2004,24176,48096,0,1
2005,24176,48120,0,1
2006,24176,48144,0,1
2007,24176,48168,0,1
2008,24176,48192,0,1
2009,24176,48216,0,1
2010,24176,48240,0,1
2011,24176,48264,0,1
2012,24176,48288,0,1
2013,24176,48312,1,0
2014,24176,48336,1,0
2015,24176,48360,0,1
2016,24176,48384,0,1
2017,24176,48408,1,0
2018,24176,48432,1,0
2019,24176,48456,0,1
2020,24176,48480,0,1
2021,24176,48504,0,1
2022,24176,48528,0,1
2023,24176,48552,0,1
2024,24176,48576,0,1
2025,24176,48600,0,1
2026,24176,48624,0,1
2027,24176,48648,0,1
2028,24176,48672,0,1
2029,24176,48696,0,1
2030,24176,48720,0,1
2031,24176,48744,0,1
2032,24176,48768,0,1
2033,24176,48792,0,1
2034,24176,48816,0,1
2035,24176,48840,0,1
2036,24176,48864,0,1
2037,24176,48888,0,1
2038,24176,48912,0,1
2039,24176,48936,0,1
2040,24176,48960,0,1
2041,24176,48984,0,1
2042,24176,49008,0,1
2043,24176,49032,0,1
2044,24176,49056,1,0
2045,24176,49080,0,1
2046,24176,49104,0,1
2047,24176,49128,0,1
2048,24176,49152,0,1
2049,24176,49176,0,1
2050,24176,49200,0,1
2051,24176,49224,0,1
2052,24176,49248,0,1
2053,24176,49272,0,1
2054,24176,49296,0,1
2055,24176,49320,0,1
2056,24176,49344,0,1
2057,24176,49368,0,1
2058,24176,49392,0,1
2059,24176,49416,0,1
2060,24176,49440,0,1
2061,24176,49464,0,1
2062,24176,49488,0,1
2063,24176,49512,0,1
2064,24176,49536,0,1
2065,24176,49560,0,1
2066,24176,49584,0,1
2067,24176,49608,0,1
2068,24176,49632,0,1
2069,24176,49656,0,1
2070,24176,49680,0,1
2071,24176,49704,0,1
2072,24176,49728,0,1
2073,24176,49752,0,1
2074,24176,49776,0,1
2075,24176,49800,0,1
2076,24176,49824,0,1
2077,24176,49848,0,1
2078,24176,49872,0,1
2079,24176,49896,0,1
2080,24176,49920,1,0
2081,24176,49944,0,1
2082,24176,49968,0,1
2083,24176,49992,0,1
2084,24176,50016,0,1
2085,24176,50040,0,1
2086,24176,50064,0,1
2087,24176,50088,0,1
2088,24176,50112,0,1
2089,24176,50136,0,1
2090,24176,50160,0,1
2091,24176,50184,0,1
2092,24176,50208,0,1
2093,24176,50232,0,1
2094,24176,50256,0,1
2095,24176,50280,0,1
2096,24176,50304,0,1
2097,24176,50328,0,1
2098,24176,50352,0,1
2099,24176,50376,0,1
2100,24176,50400,0,1
2101,24176,50424,0,1
2102,24176,50448,0,1
2103,24176,50472,0,1
2104,24176,50496,1,0
2105,24176,50520,1,0
2106,24176,50544,1,0
2107,24176,50568,0,1
2108,24176,50592,0,1
2109,24176,50616,1,0
2110,24176,50640,0,1
2111,24176,50664,0,1
2112,24176,50688,0,1
2113,24176,50712,0,1
2114,24176,50736,0,1
2115,24176,50760,0,1
2116,24176,50784,0,1
2117,24176,50808,0,1
2118,24176,50832,0,1
2119,24176,50856,1,0
2120,24176,50880,1,0
2121,24176,50904,1,0
2122,24176,50928,1,0
2123,24176,50952,0,1
2124,24176,50976,0,1
2125,24176,51000,0,1
2126,24176,51024,0,1
2127,24176,51048,1,0
2128,24176,51072,1,0
2129,24176,51096,0,1
2130,24176,51120,0,1
2131,24176,51144,0,1
2132,24176,51168,0,1
2133,24176,51192,0,1
2134,24176,51216,0,1
2135,24176,51240,0,1
2136,24176,51264,0,1
2137,24176,51288,0,1
2138,24176,51312,0,1
2139,24176,51336,0,1
2140,24176,51360,0,1
2141,24176,51384,0,1
2142,24176,51408,0,1
2143,24176,51432,0,1
2144,24176,51456,0,1
2145,24176,51480,0,1
2146,24176,51504,0,1
2147,24176,51528,0,1
2148,24176,51552,0,1
2149,24176,51576,0,1
2150,24176,51600,0,1
2151,24176,51624,0,1
2152,24176,51648,0,1
2153,24176,51672,0,1
2154,24176,51696,0,1
2155,24176,51720,0,1
2156,24176,51744,0,1
2157,24176,51768,0,1
2158,24176,51792,0,1
2159,24176,51816,0,1
2160,24176,51840,0,1
2161,24176,51864,0,1
2162,24176,51888,0,1
2163,24176,51912,0,1
2164,24176,51936,0,1
2165,24176,51960,1,0
2166,24176,51984,0,1
2167,24176,52008,0,1
2168,24176,52032,0,1
2169,24176,52056,0,1
2170,24176,52080,0,1
2171,24176,52104,0,1
2172,24176,52128,0,1
2173,24176,52152,0,1
2174,24176,52176,0,1
2175,24176,52200,1,0
2176,24176,52224,0,1
2177,24176,52248,0,1
2178,24176,52272,0,1
2179,24176,52296,0,1
2180,24176,52320,0,1
2181,24176,52344,0,1
2182,24176,52368,0,1
2183,24176,52392,0,1
2184,24176,52416,0,1
2185,24176,52440,0,1
2186,24176,52464,0,1
2187,24176,52488,0,1
2188,24176,52512,0,1
2189,24176,52536,0,1
2190,24176,52560,0,1
2191,24176,52584,0,1
2192,24176,52608,0,1
2193,24176,52632,0,1
2194,24176,52656,0,1
2195,24176,52680,0,1
2196,24176,52704,0,1
2197,24176,52728,0,1
2198,24176,52752,0,1
2199,24176,52776,1,0
2200,24176,52800,1,0
2201,24176,52824,0,1
2202,24176,52848,0,1
2203,24176,52872,0,1
2204,24176,52896,0,1
2205,24176,52920,0,1
2206,24176,52944,0,1
2207,24176,52968,0,1
2208,24176,52992,0,1
2209,24176,53016,0,1
2210,24176,53040,0,1
2211,24176,53064,0,1
2212,24176,53088,0,1
2213,24176,53112,0,1
2214,24176,53136,0,1
2215,24176,53160,0,1
2216,24176,53184,0,1
2217,24176,53208,0,1
2218,24176,53232,0,1
2219,24176,53256,0,1
2220,24176,53280,0,1
2221,24176,53304,0,1
2222,24176,53328,0,1
2223,24176,53352,0,1
2224,24176,53376,0,1
2225,24176,53400,0,1
2226,24176,53424,0,1
2227,24176,53448,0,1
2228,24176,53472,1,0
2229,24176,53496,1,0
2230,24176,53520,0,1
2231,24176,53544,0,1
2232,24176,53568,0,1
2233,24176,53592,1,0
2234,24176,53616,1,0
2235,24176,53640,1,0
2236,24176,53664,1,0
2237,24176,53688,1,0
2238,24176,53712,1,0
2239,24176,53736,1,0
2240,24176,53760,1,0
2241,24176,53784,1,0
2242,24176,53808,1,0
2243,24176,53832,1,0
2244,24176,53856,1,0
2245,24176,53880,1,0
2246,24176,53904,1,0
2247,24176,53928,0,1
2248,24176,53952,0,1
2249,24176,53976,0,1
2250,24176,54000,0,1
2251,24176,54024,1,0
2252,24176,54048,1,0
2253,24176,54072,1,0
2254,24176,54096,1,0
2255,24176,54120,0,1
2256,24176,54144,1,0
2257,24176,54168,1,0
2258,24176,54192,1,0
2259,24176,54216,1,0
2260,24176,54240,1,0
2261,24176,54264,1,0
2262,24176,54288,1,0
2263,24176,54312,1,0
2264,24176,54336,1,0
2265,24176,54360,1,0
2266,24176,54384,0,1
2267,24176,54408,0,1
2268,24176,54432,0,1
2269,24176,54456,1,0
2270,24176,54480,1,0
2271,24176,54504,1,0
2272,24176,54528,1,0
2273,24176,54552,0,1
2274,24176,54576,0,1
2275,24176,54600,1,0
2276,24176,54624,0,1
2277,24176,54648,1,0
2278,24176,54672,1,0
2279,24176,54696,1,0
2280,24176,54720,0,1
2281,24176,54744,0,1
2282,24176,54768,1,0
2283,24176,54792,0,1
2284,24176,54816,1,0
2285,24176,54840,1,0
2286,24176,54864,1,0
2287,24176,54888,0,1
2288,24176,54912,1,0
2289,24176,54936,1,0
2290,24176,54960,1,0
2291,24176,54984,1,0
2292,24176,55008,1,0
2293,24176,55032,1,0
2294,24176,55056,1,0
2295,24176,55080,1,0
2296,24176,55104,0,1
2297,24176,55128,0,1
2298,24176,55152,0,1
2299,24176,55176,0,1
2300,24176,55200,0,1
2301,24176,55224,0,1
2302,24176,55248,0,1
2303,24176,55272,0,1
2304,24176,55296,0,1
2305,24176,55320,0,1
2306,24176,55344,0,1
2307,24176,55368,0,1
2308,24176,55392,0,1
2309,24176,55416,1,0
2310,24176,55440,0,1
2311,24176,55464,0,1
2312,24176,55488,0,1
2313,24176,55512,0,1
2314,24176,55536,0,1
2315,24176,55560,0,1
2316,24176,55584,0,1
2317,24176,55608,0,1
2318,24176,55632,0,1
2319,24176,55656,0,1
2320,24176,55680,0,1
2321,24176,55704,0,1
2322,24176,55728,0,1
2323,24176,55752,0,1
2324,24176,55776,0,1
2325,24176,55800,1,0
2326,24176,55824,1,0
2327,24176,55848,1,0
2328,24176,55872,1,0
2329,24176,55896,1,0
2330,24176,55920,1,0
2331,24176,55944,1,0
2332,24176,55968,0,1
2333,24176,55992,0,1
2334,24176,56016,0,1
2335,24176,56040,0,1
2336,24176,56064,0,1
2337,24176,56088,0,1
2338,24176,56112,0,1
2339,24176,56136,1,0
2340,24176,56160,0,1
2341,24176,56184,1,0
2342,24176,56208,0,1
2343,24176,56232,0,1
2344,24176,56256,0,1
2345,24176,56280,0,1
2346,24176,56304,0,1
2347,24176,56328,1,0
2348,24176,56352,1,0
2349,24176,56376,1,0
2350,24176,56400,1,0
2351,24176,56424,1,0
2352,24176,56448,1,0
2353,24176,56472,1,0
2354,24176,56496,0,1
2355,24176,56520,0,1
2356,24176,56544,0,1
2357,24176,56568,0,1
2358,24176,56592,0,1
2359,24176,56616,0,1
2360,24176,56640,0,1
2361,24176,56664,0,1
2362,24176,56688,0,1
2363,24176,56712,1,0
2364,24176,56736,1,0
2365,24176,56760,1,0
2366,24176,56784,1,0
2367,24176,56808,0,1
2368,24176,56832,0,1
2369,24176,56856,0,1
2370,24176,56880,1,0
2371,24176,56904,1,0
2372,24176,56928,0,1
2373,24176,56952,1,0
2374,24176,56976,0,1
2375,24176,57000,0,1
2376,24176,57024,0,1
2377,24176,57048,0,1
2378,24176,57072,1,0
2379,24176,57096,0,1
2380,24176,57120,0,1
2381,24176,57144,0,1
2382,24176,57168,0,1
2383,24176,57192,0,1
2384,24176,57216,0,1
2385,24176,57240,0,1
2386,24176,57264,1,0
2387,24176,57288,1,0
2388,24176,57312,1,0
2389,24176,57336,1,0
2390,24176,57360,1,0
2391,24176,57384,0,1
2392,24176,57408,0,1
2393,24176,57432,0,1
2394,24176,57456,0,1
2395,24176,57480,0,1
2396,24176,57504,0,1
2397,24176,57528,0,1
2398,24176,57552,0,1
2399,24176,57576,0,1
2400,24176,57600,0,1
2401,24176,57624,0,1
2402,24176,57648,0,1
2403,24176,57672,0,1
2404,24176,57696,0,1
2405,24176,57720,0,1
2406,24176,57744,0,1
2407,24176,57768,0,1
2408,24176,57792,0,1
2409,24176,57816,0,1
2410,24176,57840,0,1
2411,24176,57864,0,1
2412,24176,57888,0,1
2413,24176,57912,0,1
2414,24176,57936,0,1
2415,24176,57960,0,1
2416,24176,57984,0,1
2417,24176,58008,0,1
2418,24176,58032,0,1
2419,24176,58056,0,1
2420,24176,58080,0,1
2421,24176,58104,0,1
2422,24176,58128,0,1
2423,24176,58152,0,1
2424,24176,58176,0,1
2425,24176,58200,1,0
2426,24176,58224,0,1
2427,24176,58248,0,1
2428,24176,58272,0,1
2429,24176,58296,0,1
2430,24176,58320,0,1
2431,24176,58344,0,1
2432,24176,58368,0,1
2433,24176,58392,0,1
2434,24176,58416,0,1
2435,24176,58440,0,1
2436,24176,58464,0,1
2437,24176,58488,0,1
2438,24176,58512,1,0
2439,24176,58536,1,0
2440,24176,58560,1,0
2441,24176,58584,1,0
2442,24176,58608,1,0
2443,24176,58632,1,0
2444,24176,58656,1,0
2445,24176,58680,1,0
2446,24176,58704,1,0
2447,24176,58728,1,0
2448,24176,58752,0,1
2449,24176,58776,0,1
2450,24176,58800,0,1
2451,24176,58824,0,1
2452,24176,58848,0,1
2453,24176,58872,0,1
2454,24176,58896,0,1
2455,24176,58920,0,1
2456,24176,58944,0,1
2457,24176,58968,0,1
2458,24176,58992,0,1
2459,24176,59016,0,1
2460,24176,59040,0,1
2461,24176,59064,0,1
2462,24176,59088,0,1
2463,24176,59112,0,1
2464,24176,59136,0,1
2465,24176,59160,0,1
2466,24176,59184,0,1
2467,24176,59208,0,1
2468,24176,59232,0,1
2469,24176,59256,0,1
2470,24176,59280,0,1
2471,24176,59304,0,1
2472,24176,59328,0,1
2473,24176,59352,0,1
2474,24176,59376,0,1
2475,24176,59400,0,1
2476,24176,59424,0,1
2477,24176,59448,0,1
2478,24176,59472,0,1
2479,24176,59496,0,1
2480,24176,59520,0,1
2481,24176,59544,0,1
2482,24176,59568,0,1
2483,24176,59592,0,1
2484,24176,59616,0,1
2485,24176,59640,0,1
2486,24176,59664,0,1
2487,24176,59688,0,1
2488,24176,59712,0,1
2489,24176,59736,0,1
2490,24176,59760,0,1
2491,24176,59784,0,1
2492,24176,59808,0,1
2493,24176,59832,0,1
2494,24176,59856,0,1
2495,24176,59880,0,1
2496,24176,59904,0,1
2497,24176,59928,0,1
2498,24176,59952,0,1
2499,24176,59976,0,1
2500,24176,60000,1,0
2501,24176,60024,1,0
2502,24176,60048,0,1
2503,24176,60072,0,1
2504,24176,60096,1,0
2505,24176,60120,0,1
2506,24176,60144,0,1
2507,24176,60168,0,1
2508,24176,60192,0,1
2509,24176,60216,0,1
2510,24176,60240,0,1
2511,24176,60264,0,1
2512,24176,60288,0,1
2513,24176,60312,0,1
2514,24176,60336,0,1
2515,24176,60360,0,1
2516,24176,60384,0,1
2517,24176,60408,0,1
2518,24176,60432,0,1
2519,24176,60456,0,1
2520,24176,60480,0,1
2521,24176,60504,0,1
2522,24176,60528,0,1
2523,24176,60552,0,1
2524,24176,60576,0,1
2525,24176,60600,0,1
2526,24176,60624,0,1
2527,24176,60648,0,1
2528,24176,60672,0,1
2529,24176,60696,0,1
2530,24176,60720,0,1
2531,24176,60744,0,1
2532,24176,60768,1,0
2533,24176,60792,0,1
2534,24176,60816,0,1
2535,24176,60840,0,1
2536,24176,60864,0,1
2537,24176,60888,0,1
2538,24176,60912,0,1
2539,24176,60936,0,1
2540,24176,60960,1,0
2541,24176,60984,0,1
2542,24176,61008,0,1
2543,24176,61032,0,1
2544,24176,61056,0,1
2545,24176,61080,0,1
2546,24176,61104,0,1
2547,24176,61128,0,1
2548,24176,61152,0,1
2549,24176,61176,0,1
2550,24176,61200,0,1
2551,24176,61224,0,1
2552,24176,61248,0,1
2553,24176,61272,0,1
2554,24176,61296,0,1
2555,24176,61320,1,0
2556,24176,61344,0,1
2557,24176,61368,0,1
2558,24176,61392,0,1
2559,24176,61416,0,1
2560,24176,61440,0,1
2561,24176,61464,0,1
2562,24176,61488,0,1
2563,24176,61512,0,1
2564,24176,61536,0,1
2565,24176,61560,0,1
2566,24176,61584,0,1
2567,24176,61608,0,1
2568,24176,61632,0,1
2569,24176,61656,0,1
2570,24176,61680,0,1
2571,24176,61704,1,0
2572,24176,61728,0,1
2573,24176,61752,0,1
2574,24176,61776,0,1
2575,24176,61800,0,1
2576,24176,61824,1,0
2577,24176,61848,0,1
2578,24176,61872,1,0
2579,24176,61896,1,0
2580,24176,61920,1,0
2581,24176,61944,1,0
2582,24176,61968,1,0
2583,24176,61992,1,0
2584,24176,62016,0,1
2585,24176,62040,0,1
2586,24176,62064,0,1
2587,24176,62088,0,1
2588,24176,62112,0,1
2589,24176,62136,0,1
2590,24176,62160,0,1
2591,24176,62184,0,1
2592,24176,62208,0,1
2593,24176,62232,0,1
2594,24176,62256,0,1
2595,24176,62280,0,1
2596,24176,62304,0,1
2597,24176,62328,1,0
2598,24176,62352,1,0
2599,24176,62376,1,0
2600,24176,62400,1,0
2601,24176,62424,0,1
2602,24176,62448,0,1
2603,24176,62472,0,1
2604,24176,62496,0,1
2605,24176,62520,0,1
2606,24176,62544,0,1
2607,24176,62568,0,1
2608,24176,62592,0,1
2609,24176,62616,0,1
2610,24176,62640,0,1
2611,24176,62664,0,1
2612,24176,62688,0,1
2613,24176,62712,0,1
2614,24176,62736,0,1
2615,24176,62760,0,1
2616,24176,62784,0,1
2617,24176,62808,0,1
2618,24176,62832,0,1
2619,24176,62856,0,1
2620,24176,62880,0,1
2621,24176,62904,0,1
2622,24176,62928,0,1
2623,24176,62952,0,1
2624,24176,62976,0,1
2625,24176,63000,0,1
2626,24176,63024,0,1
2627,24176,63048,0,1
2628,24176,63072,0,1
2629,24176,63096,0,1
2630,24176,63120,0,1
2631,24176,63144,0,1
2632,24176,63168,0,1
2633,24176,63192,1,0
2634,24176,63216,0,1
2635,24176,63240,0,1
2636,24176,63264,1,0
2637,24176,63288,1,0
2638,24176,63312,1,0
2639,24176,63336,1,0
2640,24176,63360,1,0
2641,24176,63384,1,0
2642,24176,63408,1,0
2643,24176,63432,1,0
2644,24176,63456,0,1
2645,24176,63480,1,0
2646,24176,63504,1,0
2647,24176,63528,1,0
2648,24176,63552,1,0
2649,24176,63576,1,0
2650,24176,63600,1,0
2651,24176,63624,1,0
2652,24176,63648,1,0
2653,24176,63672,1,0
2654,24176,63696,0,1
2655,24176,63720,0,1
2656,24176,63744,0,1
2657,24176,63768,0,1
2658,24176,63792,0,1
2659,24176,63816,0,1
2660,24176,63840,0,1
2661,24176,63864,0,1
2662,24176,63888,0,1
2663,24176,63912,0,1
2664,24176,63936,0,1
2665,24176,63960,0,1
2666,24176,63984,0,1
2667,24176,64008,0,1
2668,24176,64032,0,1
2669,24176,64056,0,1
2670,24176,64080,0,1
2671,24176,64104,0,1
2672,24176,64128,0,1
2673,24176,64152,0,1
2674,24176,64176,0,1
2675,24176,64200,0,1
2676,24176,64224,0,1
2677,24176,64248,0,1
2678,24176,64272,0,1
2679,24176,64296,0,1
2680,24176,64320,0,1
2681,24176,64344,0,1
2682,24176,64368,0,1
2683,24176,64392,0,1
2684,24176,64416,0,1
2685,24176,64440,0,1
2686,24176,64464,0,1
2687,24176,64488,0,1
2688,24176,64512,0,1
2689,24176,64536,0,1
2690,24176,64560,0,1
2691,24176,64584,0,1
2692,24176,64608,0,1
2693,24176,64632,0,1
2694,24176,64656,1,0
2695,24176,64680,1,0
2696,24176,64704,1,0
2697,24176,64728,1,0
2698,24176,64752,1,0
2699,24176,64776,1,0
2700,24176,64800,1,0
2701,24176,64824,1,0
2702,24176,64848,1,0
2703,24176,64872,1,0
2704,24176,64896,1,0
2705,24176,64920,1,0
2706,24176,64944,0,1
2707,24176,64968,0,1
2708,24176,64992,0,1
2709,24176,65016,0,1
2710,24176,65040,0,1
2711,24176,65064,0,1
2712,24176,65088,0,1
2713,24176,65112,0,1
2714,24176,65136,0,1
2715,24176,65160,0,1
2716,24176,65184,0,1
2717,24176,65208,0,1
2718,24176,65232,0,1
2719,24176,65256,0,1
2720,24176,65280,0,1
2721,24176,65304,0,1
2722,24176,65328,0,1
2723,24176,65352,0,1
2724,24176,65376,0,1
2725,24176,65400,0,1
2726,24176,65424,0,1
2727,24176,65448,0,1
2728,24176,65472,0,1
2729,24176,65496,0,1
2730,24176,65520,0,1
2731,24176,65544,0,1
2732,24176,65568,0,1
2733,24176,65592,0,1
2734,24176,65616,0,1
2735,24176,65640,0,1
2736,24176,65664,0,1
2737,24176,65688,0,1
2738,24176,65712,0,1
2739,24176,65736,0,1
2740,24176,65760,0,1
2741,24176,65784,0,1
2742,24176,65808,0,1
2743,24176,65832,0,1
2744,24176,65856,0,1
2745,24176,65880,0,1
2746,24176,65904,0,1
2747,24176,65928,0,1
2748,24176,65952,0,1
2749,24176,65976,0,1
2750,24176,66000,0,1
2751,24176,66024,0,1
2752,24176,66048,0,1
2753,24176,66072,0,1
2754,24176,66096,0,1
2755,24176,66120,0,1
2756,24176,66144,0,1
2757,24176,66168,0,1
2758,24176,66192,0,1
2759,24176,66216,0,1
2760,24176,66240,0,1
2761,24176,66264,0,1
2762,24176,66288,0,1
2763,24176,66312,0,1
2764,24176,66336,0,1
2765,24176,66360,0,1
2766,24176,66384,0,1
2767,24176,66408,0,1
2768,24176,66432,0,1
2769,24176,66456,0,1
2770,24176,66480,0,1
2771,24176,66504,0,1
2772,24176,66528,0,1
2773,24176,66552,0,1
2774,24176,66576,0,1
2775,24176,66600,0,1
2776,24176,66624,0,1
2777,24176,66648,0,1
2778,24176,66672,0,1
2779,24176,66696,0,1
2780,24176,66720,0,1
2781,24176,66744,0,1
2782,24176,66768,0,1
2783,24176,66792,0,1
2784,24176,66816,0,1
2785,24176,66840,0,1
2786,24176,66864,0,1
2787,24176,66888,0,1
2788,24176,66912,0,1
2789,24176,66936,0,1
2790,24176,66960,0,1
2791,24176,66984,0,1
2792,24176,67008,0,1
2793,24176,67032,0,1
2794,24176,67056,0,1
2795,24176,67080,0,1
2796,24176,67104,0,1
2797,24176,67128,0,1
2798,24176,67152,0,1
2799,24176,67176,0,1
2800,24176,67200,0,1
2801,24176,67224,0,1
2802,24176,67248,0,1
2803,24176,67272,0,1
2804,24176,67296,0,1
2805,24176,67320,0,1
2806,24176,67344,0,1
2807,24176,67368,0,1
2808,24176,67392,0,1
2809,24176,67416,0,1
2810,24176,67440,0,1
2811,24176,67464,0,1
2812,24176,67488,0,1
2813,24176,67512,0,1
2814,24176,67536,0,1
2815,24176,67560,0,1
2816,24176,67584,0,1
2817,24176,67608,0,1
2818,24176,67632,0,1
2819,24176,67656,0,1
2820,24176,67680,0,1
2821,24176,67704,0,1
2822,24176,67728,0,1
2823,24176,67752,0,1
2824,24176,67776,0,1
2825,24176,67800,0,1
2826,24176,67824,0,1
2827,24176,67848,0,1
2828,24176,67872,0,1
2829,24176,67896,0,1
2830,24176,67920,0,1
2831,24176,67944,0,1
2832,24176,67968,0,1
2833,24176,67992,0,1
2834,24176,68016,0,1
2835,24176,68040,1,0
2836,24176,68064,0,1
2837,24176,68088,0,1
2838,24176,68112,0,1
2839,24176,68136,0,1
2840,24176,68160,0,1
2841,24176,68184,0,1
2842,24176,68208,0,1
2843,24176,68232,0,1
2844,24176,68256,0,1
2845,24176,68280,0,1
2846,24176,68304,0,1
2847,24176,68328,1,0
2848,24176,68352,0,1
2849,24176,68376,1,0
2850,24176,68400,1,0
2851,24176,68424,0,1
2852,24176,68448,0,1
2853,24176,68472,0,1
2854,24176,68496,1,0
2855,24176,68520,0,1
2856,24176,68544,0,1
2857,24176,68568,0,1
2858,24176,68592,0,1
2859,24176,68616,0,1
2860,24176,68640,0,1
2861,24176,68664,0,1
2862,24176,68688,0,1
2863,24176,68712,0,1
2864,24176,68736,0,1
2865,24176,68760,0,1
2866,24176,68784,0,1
2867,24176,68808,0,1
2868,24176,68832,0,1
2869,24176,68856,0,1
2870,24176,68880,0,1
2871,24176,68904,0,1
2872,24176,68928,0,1
2873,24176,68952,0,1
2874,24176,68976,0,1
2875,24176,69000,0,1
2876,24176,69024,0,1
2877,24176,69048,0,1
2878,24176,69072,0,1
2879,24176,69096,0,1
2880,24176,69120,0,1
2881,24176,69144,0,1
2882,24176,69168,1,0
2883,24176,69192,0,1
2884,24176,69216,0,1
2885,24176,69240,0,1
2886,24176,69264,0,1
2887,24176,69288,1,0
2888,24176,69312,1,0
2889,24176,69336,0,1
2890,24176,69360,0,1
2891,24176,69384,0,1
2892,24176,69408,0,1
2893,24176,69432,0,1
2894,24176,69456,0,1
2895,24176,69480,0,1
2896,24176,69504,1,0
2897,24176,69528,1,0
2898,24176,69552,0,1
2899,24176,69576,0,1
2900,24176,69600,0,1
2901,24176,69624,0,1
2902,24176,69648,0,1
2903,24176,69672,0,1
2904,24176,69696,0,1
2905,24176,69720,0,1
2906,24176,69744,0,1
2907,24176,69768,0,1
2908,24176,69792,0,1
2909,24176,69816,0,1
2910,24176,69840,0,1
2911,24176,69864,0,1
2912,24176,69888,0,1
2913,24176,69912,0,1
2914,24176,69936,0,1
2915,24176,69960,0,1
2916,24176,69984,0,1
2917,24176,70008,0,1
2918,24176,70032,0,1
2919,24176,70056,0,1
2920,24176,70080,0,1
2921,24176,70104,0,1
2922,24176,70128,0,1
2923,24176,70152,0,1
2924,24176,70176,0,1
2925,24176,70200,0,1
2926,24176,70224,0,1
2927,24176,70248,0,1
2928,24176,70272,0,1
2929,24176,70296,0,1
2930,24176,70320,0,1
2931,24176,70344,0,1
2932,24176,70368,1,0
2933,24176,70392,0,1
2934,24176,70416,0,1
2935,24176,70440,0,1
2936,24176,70464,0,1
2937,24176,70488,0,1
2938,24176,70512,0,1
2939,24176,70536,0,1
2940,24176,70560,0,1
2941,24176,70584,0,1
2942,24176,70608,0,1
2943,24176,70632,0,1
2944,24176,70656,0,1
2945,24176,70680,0,1
2946,24176,70704,0,1
2947,24176,70728,0,1
2948,24176,70752,0,1
2949,24176,70776,0,1
2950,24176,70800,0,1
2951,24176,70824,0,1
2952,24176,70848,0,1
2953,24176,70872,0,1
2954,24176,70896,0,1
2955,24176,70920,0,1
2956,24176,70944,0,1
2957,24176,70968,0,1
2958,24176,70992,1,0
2959,24176,71016,0,1
2960,24176,71040,1,0
2961,24176,71064,0,1
2962,24176,71088,1,0
2963,24176,71112,1,0
2964,24176,71136,1,0
2965,24176,71160,1,0
2966,24176,71184,1,0
2967,24176,71208,1,0
2968,24176,71232,1,0
2969,24176,71256,1,0
2970,24176,71280,0,1
2971,24176,71304,1,0
2972,24176,71328,0,1
2973,24176,71352,1,0
2974,24176,71376,0,1
2975,24176,71400,0,1
2976,24176,71424,0,1
2977,24176,71448,0,1
2978,24176,71472,0,1
2979,24176,71496,0,1
2980,24176,71520,0,1
2981,24176,71544,0,1
2982,24176,71568,0,1
2983,24176,71592,0,1
2984,24176,71616,0,1
2985,24176,71640,0,1
2986,24176,71664,0,1
2987,24176,71688,0,1
2988,24176,71712,0,1
2989,24176,71736,0,1
2990,24176,71760,0,1
2991,24176,71784,0,1
2992,24176,71808,0,1
2993,24176,71832,0,1
2994,24176,71856,0,1
2995,24176,71880,0,1
2996,24176,71904,0,1
2997,24176,71928,0,1
2998,24176,71952,0,1
2999,24176,71976,0,1
3000,24176,72000,0,1
3001,24176,72024,0,1
3002,24176,72048,0,1
3003,24176,72072,0,1
3004,24176,72096,0,1
3005,24176,72120,0,1
3006,24176,72144,0,1
3007,24176,72168,0,1
3008,24176,72192,0,1
3009,24176,72216,0,1
3010,24176,72240,0,1
3011,24176,72264,0,1
3012,24176,72288,0,1
3013,24176,72312,0,1
3014,24176,72336,0,1
3015,24176,72360,0,1
3016,24176,72384,0,1
3017,24176,72408,1,0
3018,24176,72432,1,0
3019,24176,72456,1,0
3020,24176,72480,1,0
3021,24176,72504,0,1
3022,24176,72528,1,0
3023,24176,72552,1,0
3024,24176,72576,1,0
3025,24176,72600,1,0
3026,24176,72624,1,0
3027,24176,72648,1,0
3028,24176,72672,1,0
3029,24176,72696,1,0
3030,24176,72720,1,0
3031,24176,72744,0,1
3032,24176,72768,0,1
3033,24176,72792,0,1
3034,24176,72816,0,1
3035,24176,72840,0,1
3036,24176,72864,0,1
3037,24176,72888,0,1
3038,24176,72912,0,1
3039,24176,72936,0,1
3040,24176,72960,0,1
3041,24176,72984,0,1
3042,24176,73008,0,1
3043,24176,73032,0,1
3044,24176,73056,0,1
3045,24176,73080,1,0
3046,24176,73104,0,1
3047,24176,73128,0,1
3048,24176,73152,1,0
3049,24176,73176,1,0
3050,24176,73200,0,1
3051,24176,73224,0,1
3052,24176,73248,0,1
3053,24176,73272,0,1
3054,24176,73296,1,0
3055,24176,73320,0,1
3056,24176,73344,0,1
3057,24176,73368,0,1
3058,24176,73392,0,1
3059,24176,73416,0,1
3060,24176,73440,0,1
3061,24176,73464,1,0
3062,24176,73488,0,1
3063,24176,73512,1,0
3064,24176,73536,1,0
3065,24176,73560,0,1
3066,24176,73584,1,0
3067,24176,73608,0,1
3068,24176,73632,1,0
3069,24176,73656,1,0
3070,24176,73680,1,0
3071,24176,73704,1,0
3072,24176,73728,1,0
3073,24176,73752,0,1
3074,24176,73776,0,1
3075,24176,73800,0,1
3076,24176,73824,0,1
3077,24176,73848,0,1
3078,24176,73872,0,1
3079,24176,73896,0,1
3080,24176,73920,0,1
3081,24176,73944,0,1
3082,24176,73968,0,1
3083,24176,73992,0,1
3084,24176,74016,0,1
3085,24176,74040,0,1
3086,24176,74064,0,1
3087,24176,74088,0,1
3088,24176,74112,0,1
3089,24176,74136,0,1
3090,24176,74160,0,1
3091,24176,74184,0,1
3092,24176,74208,1,0
3093,24176,74232,0,1
3094,24176,74256,0,1
3095,24176,74280,0,1
3096,24176,74304,1,0
3097,24176,74328,0,1
3098,24176,74352,0,1
3099,24176,74376,0,1
3100,24176,74400,0,1
3101,24176,74424,1,0
3102,24176,74448,0,1
3103,24176,74472,0,1
3104,24176,74496,1,0
3105,24176,74520,0,1
3106,24176,74544,0,1
3107,24176,74568,0,1
3108,24176,74592,0,1
3109,24176,74616,0,1
3110,24176,74640,0,1
3111,24176,74664,0,1
3112,24176,74688,0,1
3113,24176,74712,0,1
3114,24176,74736,0,1
3115,24176,74760,0,1
3116,24176,74784,0,1
3117,24176,74808,0,1
3118,24176,74832,0,1
3119,24176,74856,0,1
3120,24176,74880,0,1
3121,24176,74904,0,1
3122,24176,74928,0,1
3123,24176,74952,0,1
3124,24176,74976,0,1
3125,24176,75000,0,1
3126,24176,75024,0,1
3127,24176,75048,0,1
3128,24176,75072,1,0
3129,24176,75096,1,0
3130,24176,75120,0,1
3131,24176,75144,1,0
3132,24176,75168,0,1
3133,24176,75192,0,1
3134,24176,75216,0,1
3135,24176,75240,0,1
3136,24176,75264,0,1
3137,24176,75288,0,1
3138,24176,75312,0,1
3139,24176,75336,0,1
3140,24176,75360,0,1
3141,24176,75384,0,1
3142,24176,75408,0,1
3143,24176,75432,0,1
3144,24176,75456,0,1
3145,24176,75480,0,1
3146,24176,75504,0,1
3147,24176,75528,0,1
3148,24176,75552,0,1
3149,24176,75576,1,0
3150,24176,75600,1,0
3151,24176,75624,1,0
3152,24176,75648,1,0
3153,24176,75672,1,0
3154,24176,75696,1,0
3155,24176,75720,0,1
3156,24176,75744,0,1
3157,24176,75768,1,0
3158,24176,75792,1,0
3159,24176,75816,1,0
3160,24176,75840,1,0
3161,24176,75864,0,1
3162,24176,75888,1,0
3163,24176,75912,0,1
3164,24176,75936,0,1
3165,24176,75960,1,0
3166,24176,75984,1,0
3167,24176,76008,0,1
3168,24176,76032,0,1
3169,24176,76056,0,1
3170,24176,76080,0,1
3171,24176,76104,0,1
3172,24176,76128,0,1
3173,24176,76152,0,1
3174,24176,76176,1,0
3175,24176,76200,0,1
3176,24176,76224,0,1
3177,24176,76248,0,1
3178,24176,76272,0,1
3179,24176,76296,0,1
3180,24176,76320,0,1
3181,24176,76344,0,1
3182,24176,76368,0,1
3183,24176,76392,0,1
3184,24176,76416,0,1
3185,24176,76440,0,1
3186,24176,76464,0,1
3187,24176,76488,0,1
3188,24176,76512,0,1
3189,24176,76536,0,1
3190,24176,76560,0,1
3191,24176,76584,0,1
3192,24176,76608,0,1
3193,24176,76632,0,1
3194,24176,76656,0,1
3195,24176,76680,0,1
3196,24176,76704,0,1
3197,24176,76728,0,1
3198,24176,76752,0,1
3199,24176,76776,0,1
3200,24176,76800,0,1
3201,24176,76824,0,1
3202,24176,76848,0,1
3203,24176,76872,0,1
3204,24176,76896,0,1
3205,24176,76920,0,1
3206,24176,76944,0,1
3207,24176,76968,0,1
3208,24176,76992,0,1
3209,24176,77016,0,1
3210,24176,77040,0,1
3211,24176,77064,0,1
3212,24176,77088,0,1
3213,24176,77112,0,1
3214,24176,77136,0,1
3215,24176,77160,0,1
3216,24176,77184,0,1
3217,24176,77208,0,1
3218,24176,77232,1,0
3219,24176,77256,1,0
3220,24176,77280,0,1
3221,24176,77304,1,0
3222,24176,77328,1,0
3223,24176,77352,1,0
3224,24176,77376,0,1
3225,24176,77400,1,0
3226,24176,77424,1,0
3227,24176,77448,1,0
3228,24176,77472,1,0
3229,24176,77496,1,0
3230,24176,77520,1,0
3231,24176,77544,1,0
3232,24176,77568,1,0
3233,24176,77592,1,0
3234,24176,77616,0,1
3235,24176,77640,1,0
3236,24176,77664,0,1
3237,24176,77688,1,0
3238,24176,77712,0,1
3239,24176,77736,0,1
3240,24176,77760,1,0
3241,24176,77784,1,0
3242,24176,77808,1,0
3243,24176,77832,1,0
3244,24176,77856,0,1
3245,24176,77880,0,1
3246,24176,77904,1,0
3247,24176,77928,1,0
3248,24176,77952,0,1
3249,24176,77976,0,1
3250,24176,78000,0,1
3251,24176,78024,1,0
3252,24176,78048,0,1
3253,24176,78072,1,0
3254,24176,78096,0,1
3255,24176,78120,1,0
3256,24176,78144,1,0
3257,24176,78168,1,0
3258,24176,78192,1,0
3259,24176,78216,1,0
3260,24176,78240,1,0
3261,24176,78264,1,0
3262,24176,78288,1,0
3263,24176,78312,1,0
3264,24176,78336,1,0
3265,24176,78360,1,0
3266,24176,78384,1,0
3267,24176,78408,0,1
3268,24176,78432,1,0
3269,24176,78456,0,1
3270,24176,78480,0,1
3271,24176,78504,1,0
3272,24176,78528,0,1
3273,24176,78552,0,1
3274,24176,78576,1,0
3275,24176,78600,1,0
3276,24176,78624,0,1
3277,24176,78648,0,1
3278,24176,78672,0,1
3279,24176,78696,0,1
3280,24176,78720,0,1
3281,24176,78744,0,1
3282,24176,78768,0,1
3283,24176,78792,0,1
3284,24176,78816,0,1
3285,24176,78840,0,1
3286,24176,78864,0,1
3287,24176,78888,0,1
3288,24176,78912,0,1
3289,24176,78936,0,1
3290,24176,78960,0,1
3291,24176,78984,0,1
3292,24176,79008,0,1
3293,24176,79032,0,1
3294,24176,79056,0,1
3295,24176,79080,0,1
3296,24176,79104,0,1
3297,24176,79128,0,1
3298,24176,79152,0,1
3299,24176,79176,0,1
3300,24176,79200,0,1
3301,24176,79224,0,1
3302,24176,79248,0,1
3303,24176,79272,0,1
3304,24176,79296,0,1
3305,24176,79320,0,1
3306,24176,79344,0,1
3307,24176,79368,0,1
3308,24176,79392,0,1
3309,24176,79416,0,1
3310,24176,79440,1,0
3311,24176,79464,0,1
3312,24176,79488,0,1
3313,24176,79512,0,1
3314,24176,79536,0,1
3315,24176,79560,0,1
3316,24176,79584,0,1
3317,24176,79608,0,1
3318,24176,79632,0,1
3319,24176,79656,0,1
3320,24176,79680,0,1
3321,24176,79704,0,1
3322,24176,79728,0,1
3323,24176,79752,0,1
3324,24176,79776,0,1
3325,24176,79800,0,1
3326,24176,79824,0,1
3327,24176,79848,0,1
3328,24176,79872,1,0
3329,24176,79896,0,1
3330,24176,79920,0,1
3331,24176,79944,0,1
3332,24176,79968,0,1
3333,24176,79992,0,1
3334,24176,80016,0,1
3335,24176,80040,0,1
3336,24176,80064,0,1
3337,24176,80088,0,1
3338,24176,80112,0,1
3339,24176,80136,0,1
3340,24176,80160,0,1
3341,24176,80184,0,1
3342,24176,80208,1,0
3343,24176,80232,1,0
3344,24176,80256,0,1
3345,24176,80280,0,1
3346,24176,80304,1,0
3347,24176,80328,0,1
3348,24176,80352,1,0
3349,24176,80376,1,0
3350,24176,80400,0,1
3351,24176,80424,0,1
3352,24176,80448,1,0
3353,24176,80472,0,1
3354,24176,80496,0,1
3355,24176,80520,0,1
3356,24176,80544,0,1
3357,24176,80568,0,1
3358,24176,80592,0,1
3359,24176,80616,0,1
3360,24176,80640,1,0
3361,24176,80664,0,1
3362,24176,80688,0,1
3363,24176,80712,1,0
3364,24176,80736,1,0
3365,24176,80760,0,1
3366,24176,80784,0,1
3367,24176,80808,1,0
3368,24176,80832,1,0
3369,24176,80856,0,1
3370,24176,80880,0,1
3371,24176,80904,0,1
3372,24176,80928,0,1
3373,24176,80952,1,0
3374,24176,80976,1,0
3375,24176,81000,0,1
3376,24176,81024,0,1
3377,24176,81048,0,1
3378,24176,81072,1,0
3379,24176,81096,1,0
3380,24176,81120,1,0
3381,24176,81144,1,0
3382,24176,81168,1,0
3383,24176,81192,1,0
3384,24176,81216,1,0
3385,24176,81240,1,0
3386,24176,81264,1,0
3387,24176,81288,1,0
3388,24176,81312,0,1
3389,24176,81336,1,0
3390,24176,81360,1,0
3391,24176,81384,1,0
3392,24176,81408,1,0
3393,24176,81432,1,0
3394,24176,81456,0,1
3395,24176,81480,0,1
3396,24176,81504,1,0
3397,24176,81528,1,0
3398,24176,81552,1,0
3399,24176,81576,1,0
3400,24176,81600,1,0
3401,24176,81624,1,0
3402,24176,81648,1,0
3403,24176,81672,1,0
3404,24176,81696,1,0
3405,24176,81720,1,0
3406,24176,81744,0,1
3407,24176,81768,1,0
3408,24176,81792,1,0
3409,24176,81816,0,1
3410,24176,81840,1,0
3411,24176,81864,0,1
3412,24176,81888,1,0
3413,24176,81912,1,0
3414,24176,81936,0,1
3415,24176,81960,1,0
3416,24176,81984,1,0
3417,24176,82008,1,0
3418,24176,82032,0,1
3419,24176,82056,0,1
3420,24176,82080,0,1
3421,24176,82104,1,0
3422,24176,82128,1,0
3423,24176,82152,1,0
3424,24176,82176,1,0
3425,24176,82200,1,0
3426,24176,82224,1,0
3427,24176,82248,0,1
3428,24176,82272,0,1
3429,24176,82296,0,1
3430,24176,82320,0,1
3431,24176,82344,0,1
3432,24176,82368,0,1
3433,24176,82392,0,1
3434,24176,82416,0,1
3435,24176,82440,1,0
3436,24176,82464,1,0
3437,24176,82488,1,0
3438,24176,82512,1,0
3439,24176,82536,1,0
3440,24176,82560,1,0
3441,24176,82584,1,0
3442,24176,82608,1,0
3443,24176,82632,1,0
3444,24176,82656,1,0
3445,24176,82680,1,0
3446,24176,82704,0,1
3447,24176,82728,0,1
3448,24176,82752,1,0
3449,24176,82776,0,1
3450,24176,82800,0,1
3451,24176,82824,0,1
3452,24176,82848,0,1
3453,24176,82872,0,1
3454,24176,82896,0,1
3455,24176,82920,0,1
3456,24176,82944,0,1
3457,24176,82968,0,1
3458,24176,82992,0,1
3459,24176,83016,0,1
3460,24176,83040,0,1
3461,24176,83064,0,1
3462,24176,83088,0,1
3463,24176,83112,0,1
3464,24176,83136,0,1
3465,24176,83160,0,1
3466,24176,83184,0,1
3467,24176,83208,0,1
3468,24176,83232,0,1
3469,24176,83256,0,1
3470,24176,83280,0,1
3471,24176,83304,0,1
3472,24176,83328,0,1
3473,24176,83352,0,1
3474,24176,83376,0,1
3475,24176,83400,0,1
3476,24176,83424,0,1
3477,24176,83448,0,1
3478,24176,83472,0,1
3479,24176,83496,0,1
3480,24176,83520,0,1
3481,24176,83544,0,1
3482,24176,83568,0,1
3483,24176,83592,0,1
3484,24176,83616,0,1
3485,24176,83640,0,1
3486,24176,83664,0,1
3487,24176,83688,0,1
3488,24176,83712,0,1
3489,24176,83736,0,1
3490,24176,83760,0,1
3491,24176,83784,0,1
3492,24176,83808,0,1
3493,24176,83832,0,1
3494,24176,83856,0,1
3495,24176,83880,0,1
3496,24176,83904,0,1
3497,24176,83928,0,1
3498,24176,83952,0,1
3499,24176,83976,0,1
3500,24176,84000,0,1
3501,24176,84024,0,1
3502,24176,84048,0,1
3503,24176,84072,1,0
3504,24176,84096,1,0
3505,24176,84120,1,0
3506,24176,84144,1,0
3507,24176,84168,1,0
3508,24176,84192,1,0
3509,24176,84216,1,0
3510,24176,84240,1,0
3511,24176,84264,1,0
3512,24176,84288,1,0
3513,24176,84312,0,1
3514,24176,84336,0,1
3515,24176,84360,0,1
3516,24176,84384,0,1
3517,24176,84408,0,1
3518,24176,84432,0,1
3519,24176,84456,1,0
3520,24176,84480,0,1
3521,24176,84504,0,1
3522,24176,84528,0,1
3523,24176,84552,0,1
3524,24176,84576,0,1
3525,24176,84600,1,0
3526,24176,84624,1,0
3527,24176,84648,0,1
3528,24176,84672,1,0
3529,24176,84696,1,0
3530,24176,84720,1,0
3531,24176,84744,1,0
3532,24176,84768,1,0
3533,24176,84792,1,0
3534,24176,84816,1,0
3535,24176,84840,1,0
3536,24176,84864,1,0
3537,24176,84888,1,0
3538,24176,84912,1,0
3539,24176,84936,1,0
3540,24176,84960,1,0
3541,24176,84984,0,1
3542,24176,85008,0,1
3543,24176,85032,0,1
3544,24176,85056,0,1
3545,24176,85080,0,1
3546,24176,85104,0,1
3547,24176,85128,0,1
3548,24176,85152,0,1
3549,24176,85176,1,0
3550,24176,85200,1,0
3551,24176,85224,1,0
3552,24176,85248,0,1
3553,24176,85272,1,0
3554,24176,85296,1,0
3555,24176,85320,1,0
3556,24176,85344,1,0
3557,24176,85368,1,0
3558,24176,85392,0,1
3559,24176,85416,1,0
3560,24176,85440,1,0
3561,24176,85464,1,0
3562,24176,85488,1,0
3563,24176,85512,0,1
3564,24176,85536,0,1
3565,24176,85560,0,1
3566,24176,85584,0,1
3567,24176,85608,0,1
3568,24176,85632,0,1
3569,24176,85656,0,1
3570,24176,85680,0,1
3571,24176,85704,0,1
3572,24176,85728,0,1
3573,24176,85752,0,1
3574,24176,85776,0,1
3575,24176,85800,1,0
3576,24176,85824,1,0
3577,24176,85848,1,0
3578,24176,85872,1,0
3579,24176,85896,1,0
3580,24176,85920,1,0
3581,24176,85944,1,0
3582,24176,85968,1,0
3583,24176,85992,1,0
3584,24176,86016,1,0
3585,24176,86040,1,0
3586,24176,86064,0,1
3587,24176,86088,0,1
3588,24176,86112,0,1
3589,24176,86136,0,1
3590,24176,86160,0,1
3591,24176,86184,0,1
3592,24176,86208,0,1
3593,24176,86232,0,1
3594,24176,86256,0,1
3595,24176,86280,0,1
3596,24176,86304,0,1
3597,24176,86328,1,0
3598,24176,86352,0,1
3599,24176,86376,0,1
3600,24176,86400,0,1
3601,24176,86424,0,1
3602,24176,86448,0,1
3603,24176,86472,0,1
3604,24176,86496,0,1
3605,24176,86520,0,1
3606,24176,86544,0,1
3607,24176,86568,1,0
3608,24176,86592,0,1
3609,24176,86616,0,1
3610,24176,86640,0,1
3611,24176,86664,0,1
3612,24176,86688,1,0
3613,24176,86712,0,1
3614,24176,86736,1,0
3615,24176,86760,1,0
3616,24176,86784,0,1
3617,24176,86808,0,1
3618,24176,86832,0,1
3619,24176,86856,0,1
3620,24176,86880,1,0
3621,24176,86904,0,1
3622,24176,86928,1,0
3623,24176,86952,1,0
3624,24176,86976,1,0
3625,24176,87000,0,1
3626,24176,87024,1,0
3627,24176,87048,1,0
3628,24176,87072,1,0
3629,24176,87096,1,0
3630,24176,87120,1,0
3631,24176,87144,1,0
3632,24176,87168,1,0
3633,24176,87192,0,1
3634,24176,87216,0,1
3635,24176,87240,0,1
3636,24176,87264,0,1
3637,24176,87288,0,1
3638,24176,87312,0,1
3639,24176,87336,0,1
3640,24176,87360,0,1
3641,24176,87384,0,1
3642,24176,87408,0,1
3643,24176,87432,0,1
3644,24176,87456,0,1
3645,24176,87480,0,1
3646,24176,87504,1,0
3647,24176,87528,1,0
3648,24176,87552,1,0
3649,24176,87576,1,0
3650,24176,87600,1,0
3651,24176,87624,0,1
3652,24176,87648,0,1
3653,24176,87672,0,1
3654,24176,87696,0,1
3655,24176,87720,0,1
3656,24176,87744,0,1
3657,24176,87768,0,1
3658,24176,87792,0,1
3659,24176,87816,0,1
3660,24176,87840,0,1
3661,24176,87864,0,1
3662,24176,87888,0,1
3663,24176,87912,0,1
3664,24176,87936,0,1
3665,24176,87960,0,1
3666,24176,87984,0,1
3667,24176,88008,0,1
3668,24176,88032,0,1
3669,24176,88056,0,1
3670,24176,88080,0,1
3671,24176,88104,0,1
3672,24176,88128,0,1
3673,24176,88152,0,1
3674,24176,88176,0,1
3675,24176,88200,0,1
3676,24176,88224,0,1
3677,24176,88248,0,1
3678,24176,88272,0,1
3679,24176,88296,0,1
3680,24176,88320,0,1
3681,24176,88344,0,1
3682,24176,88368,0,1
3683,24176,88392,0,1
3684,24176,88416,0,1
3685,24176,88440,1,0
3686,24176,88464,0,1
3687,24176,88488,1,0
3688,24176,88512,0,1
3689,24176,88536,0,1
3690,24176,88560,0,1
3691,24176,88584,1,0
3692,24176,88608,0,1
3693,24176,88632,0,1
3694,24176,88656,0,1
3695,24176,88680,0,1
3696,24176,88704,0,1
3697,24176,88728,0,1
3698,24176,88752,0,1
3699,24176,88776,0,1
3700,24176,88800,0,1
3701,24176,88824,0,1
3702,24176,88848,0,1
3703,24176,88872,0,1
3704,24176,88896,0,1
3705,24176,88920,1,0
3706,24176,88944,0,1
3707,24176,88968,0,1
3708,24176,88992,0,1
3709,24176,89016,0,1
3710,24176,89040,0,1
3711,24176,89064,0,1
3712,24176,89088,0,1
3713,24176,89112,0,1
3714,24176,89136,0,1
3715,24176,89160,0,1
3716,24176,89184,0,1
3717,24176,89208,0,1
3718,24176,89232,0,1
3719,24176,89256,0,1
3720,24176,89280,0,1
3721,24176,89304,0,1
3722,24176,89328,0,1
3723,24176,89352,0,1
3724,24176,89376,0,1
3725,24176,89400,0,1
3726,24176,89424,0,1
3727,24176,89448,0,1
3728,24176,89472,0,1
3729,24176,89496,0,1
3730,24176,89520,0,1
3731,24176,89544,0,1
3732,24176,89568,0,1
3733,24176,89592,0,1
3734,24176,89616,0,1
3735,24176,89640,0,1
3736,24176,89664,0,1
3737,24176,89688,0,1
3738,24176,89712,0,1
3739,24176,89736,0,1
3740,24176,89760,0,1
3741,24176,89784,0,1
3742,24176,89808,0,1
3743,24176,89832,0,1
3744,24176,89856,0,1
3745,24176,89880,0,1
3746,24176,89904,0,1
3747,24176,89928,0,1
3748,24176,89952,0,1
3749,24176,89976,0,1
3750,24176,90000,0,1
3751,24176,90024,0,1
3752,24176,90048,0,1
3753,24176,90072,0,1
3754,24176,90096,0,1
3755,24176,90120,0,1
3756,24176,90144,0,1
3757,24176,90168,0,1
3758,24176,90192,0,1
3759,24176,90216,0,1
3760,24176,90240,0,1
3761,24176,90264,0,1
3762,24176,90288,0,1
3763,24176,90312,0,1
3764,24176,90336,0,1
3765,24176,90360,0,1
3766,24176,90384,0,1
3767,24176,90408,0,1
3768,24176,90432,0,1
3769,24176,90456,0,1
3770,24176,90480,0,1
3771,24176,90504,0,1
3772,24176,90528,0,1
3773,24176,90552,0,1
3774,24176,90576,0,1
3775,24176,90600,0,1
3776,24176,90624,0,1
3777,24176,90648,0,1
3778,24176,90672,0,1
3779,24176,90696,0,1
3780,24176,90720,0,1
3781,24176,90744,0,1
3782,24176,90768,0,1
3783,24176,90792,0,1
3784,24176,90816,0,1
3785,24176,90840,0,1
3786,24176,90864,0,1
3787,24176,90888,0,1
3788,24176,90912,0,1
3789,24176,90936,0,1
3790,24176,90960,0,1
3791,24176,90984,0,1
3792,24176,91008,0,1
3793,24176,91032,0,1
3794,24176,91056,0,1
3795,24176,91080,0,1
3796,24176,91104,0,1
3797,24176,91128,0,1
3798,24176,91152,0,1
3799,24176,91176,0,1
3800,24176,91200,0,1
3801,24176,91224,0,1
3802,24176,91248,0,1
3803,24176,91272,0,1
3804,24176,91296,0,1
3805,24176,91320,0,1
3806,24176,91344,0,1
3807,24176,91368,0,1
3808,24176,91392,0,1
3809,24176,91416,0,1
3810,24176,91440,0,1
3811,24176,91464,0,1
3812,24176,91488,0,1
3813,24176,91512,0,1
3814,24176,91536,0,1
3815,24176,91560,0,1
3816,24176,91584,0,1
3817,24176,91608,0,1
3818,24176,91632,0,1
3819,24176,91656,0,1
3820,24176,91680,0,1
3821,24176,91704,0,1
3822,24176,91728,0,1
3823,24176,91752,0,1
3824,24176,91776,0,1
3825,24176,91800,0,1
3826,24176,91824,0,1
3827,24176,91848,0,1
3828,24176,91872,0,1
3829,24176,91896,0,1
3830,24176,91920,0,1
3831,24176,91944,0,1
3832,24176,91968,0,1
3833,24176,91992,0,1
3834,24176,92016,0,1
3835,24176,92040,0,1
3836,24176,92064,0,1
3837,24176,92088,0,1
3838,24176,92112,0,1
3839,24176,92136,0,1
3840,24176,92160,0,1
3841,24176,92184,0,1
3842,24176,92208,0,1
3843,24176,92232,0,1
3844,24176,92256,0,1
3845,24176,92280,0,1
3846,24176,92304,0,1
3847,24176,92328,0,1
3848,24176,92352,0,1
3849,24176,92376,0,1
3850,24176,92400,0,1
3851,24176,92424,0,1
3852,24176,92448,0,1
3853,24176,92472,0,1
3854,24176,92496,0,1
3855,24176,92520,0,1
3856,24176,92544,0,1
3857,24176,92568,0,1
3858,24176,92592,0,1
3859,24176,92616,0,1
3860,24176,92640,0,1
3861,24176,92664,0,1
3862,24176,92688,0,1
3863,24176,92712,0,1
3864,24176,92736,0,1
3865,24176,92760,0,1
3866,24176,92784,0,1
3867,24176,92808,0,1
3868,24176,92832,0,1
3869,24176,92856,0,1
3870,24176,92880,0,1
3871,24176,92904,0,1
3872,24176,92928,0,1
3873,24176,92952,0,1
3874,24176,92976,0,1
3875,24176,93000,0,1
3876,24176,93024,0,1
3877,24176,93048,0,1
3878,24176,93072,0,1
3879,24176,93096,0,1
3880,24176,93120,0,1
3881,24176,93144,0,1
3882,24176,93168,0,1
3883,24176,93192,0,1
3884,24176,93216,0,1
3885,24176,93240,0,1
3886,24176,93264,0,1
3887,24176,93288,0,1
3888,24176,93312,0,1
3889,24176,93336,0,1
3890,24176,93360,0,1
3891,24176,93384,0,1
3892,24176,93408,0,1
3893,24176,93432,0,1
3894,24176,93456,0,1
3895,24176,93480,0,1
3896,24176,93504,0,1
3897,24176,93528,0,1
3898,24176,93552,0,1
3899,24176,93576,0,1
3900,24176,93600,0,1
3901,24176,93624,0,1
3902,24176,93648,0,1
3903,24176,93672,0,1
3904,24176,93696,0,1
3905,24176,93720,0,1
3906,24176,93744,0,1
3907,24176,93768,0,1
3908,24176,93792,0,1
3909,24176,93816,0,1
3910,24176,93840,0,1
3911,24176,93864,0,1
3912,24176,93888,0,1
3913,24176,93912,0,1
3914,24176,93936,0,1
3915,24176,93960,0,1
3916,24176,93984,0,1
3917,24176,94008,0,1
3918,24176,94032,0,1
3919,24176,94056,0,1
3920,24176,94080,0,1
3921,24176,94104,0,1
3922,24176,94128,0,1
3923,24176,94152,0,1
3924,24176,94176,0,1
3925,24176,94200,0,1
3926,24176,94224,0,1
3927,24176,94248,0,1
3928,24176,94272,0,1
3929,24176,94296,0,1
3930,24176,94320,0,1
3931,24176,94344,0,1
3932,24176,94368,0,1
3933,24176,94392,0,1
3934,24176,94416,0,1
3935,24176,94440,0,1
3936,24176,94464,0,1
3937,24176,94488,0,1
3938,24176,94512,0,1
3939,24176,94536,0,1
3940,24176,94560,0,1
3941,24176,94584,0,1
3942,24176,94608,0,1
3943,24176,94632,0,1
3944,24176,94656,0,1
3945,24176,94680,0,1
3946,24176,94704,0,1
3947,24176,94728,0,1
3948,24176,94752,0,1
3949,24176,94776,0,1
3950,24176,94800,0,1
3951,24176,94824,0,1
3952,24176,94848,0,1
3953,24176,94872,0,1
3954,24176,94896,0,1
3955,24176,94920,0,1
3956,24176,94944,0,1
3957,24176,94968,0,1
3958,24176,94992,0,1
3959,24176,95016,0,1
3960,24176,95040,0,1
3961,24176,95064,0,1
3962,24176,95088,0,1
3963,24176,95112,0,1
3964,24176,95136,0,1
3965,24176,95160,0,1
3966,24176,95184,0,1
3967,24176,95208,0,1
3968,24176,95232,0,1
3969,24176,95256,0,1
3970,24176,95280,0,1
3971,24176,95304,0,1
3972,24176,95328,0,1
3973,24176,95352,0,1
3974,24176,95376,0,1
3975,24176,95400,0,1
3976,24176,95424,0,1
3977,24176,95448,0,1
3978,24176,95472,0,1
3979,24176,95496,0,1
3980,24176,95520,0,1
3981,24176,95544,0,1
3982,24176,95568,0,1
3983,24176,95592,0,1
3984,24176,95616,0,1
3985,24176,95640,0,1
3986,24176,95664,0,1
3987,24176,95688,0,1
3988,24176,95712,0,1
3989,24176,95736,0,1
3990,24176,95760,0,1
3991,24176,95784,0,1
3992,24176,95808,0,1
3993,24176,95832,0,1
3994,24176,95856,0,1
3995,24176,95880,0,1
3996,24176,95904,1,0
3997,24176,95928,0,1
3998,24176,95952,0,1
3999,24176,95976,0,1
4000,24176,96000,0,1
4001,24176,96024,0,1
4002,24176,96048,0,1
4003,24176,96072,0,1
4004,24176,96096,0,1
4005,24176,96120,0,1
4006,24176,96144,0,1
4007,24176,96168,0,1
4008,24176,96192,0,1
4009,24176,96216,0,1
4010,24176,96240,0,1
4011,24176,96264,0,1
4012,24176,96288,0,1
4013,24176,96312,0,1
4014,24176,96336,0,1
4015,24176,96360,0,1
4016,24176,96384,0,1
4017,24176,96408,0,1
4018,24176,96432,0,1
4019,24176,96456,0,1
4020,24176,96480,0,1
4021,24176,96504,0,1
4022,24176,96528,0,1
4023,24176,96552,0,1
4024,24176,96576,0,1
4025,24176,96600,0,1
4026,24176,96624,0,1
4027,24176,96648,0,1
4028,24176,96672,0,1
4029,24176,96696,0,1
4030,24176,96720,0,1
