,class,score,frame_num,imdb_id
0,not_horse,1.0,0,24539
1,not_horse,1.0,24,24539
2,not_horse,1.0,48,24539
3,not_horse,1.0,72,24539
4,not_horse,1.0,96,24539
5,not_horse,1.0,120,24539
6,not_horse,1.0,144,24539
7,not_horse,1.0,168,24539
8,not_horse,1.0,192,24539
9,not_horse,1.0,216,24539
10,not_horse,1.0,240,24539
11,not_horse,1.0,264,24539
12,not_horse,1.0,288,24539
13,not_horse,0.999984860420227,312,24539
14,not_horse,0.9999550580978394,336,24539
15,not_horse,0.9999945163726808,360,24539
16,not_horse,0.9999977350234984,384,24539
17,not_horse,0.9999960660934448,408,24539
18,not_horse,0.9999997615814208,432,24539
19,not_horse,0.9999971389770508,456,24539
20,not_horse,0.9999990463256836,480,24539
21,not_horse,0.9999961853027344,504,24539
22,not_horse,0.9999985694885254,528,24539
23,not_horse,0.9999970197677612,552,24539
24,not_horse,0.9999899864196776,576,24539
25,not_horse,0.9999946355819702,600,24539
26,not_horse,0.9999955892562866,624,24539
27,not_horse,0.9999947547912598,648,24539
28,not_horse,0.999996304512024,672,24539
29,not_horse,0.9999996423721312,696,24539
30,not_horse,0.9999874830245972,720,24539
31,not_horse,0.999998927116394,744,24539
32,not_horse,0.9999998807907104,768,24539
33,not_horse,0.9999998807907104,792,24539
34,not_horse,0.9999988079071044,816,24539
35,not_horse,0.9999986886978148,840,24539
36,not_horse,0.9999996423721312,864,24539
37,not_horse,0.9999955892562866,888,24539
38,not_horse,0.9999998807907104,912,24539
39,not_horse,0.9999995231628418,936,24539
40,not_horse,0.9999998807907104,960,24539
41,not_horse,0.9999996423721312,984,24539
42,not_horse,0.9999988079071044,1008,24539
43,not_horse,0.9999996423721312,1032,24539
44,not_horse,0.9999986886978148,1056,24539
45,not_horse,0.9999996423721312,1080,24539
46,not_horse,0.9999998807907104,1104,24539
47,not_horse,0.9999998807907104,1128,24539
48,not_horse,0.9999997615814208,1152,24539
49,not_horse,0.9999998807907104,1176,24539
50,not_horse,0.999993085861206,1200,24539
51,not_horse,0.9999992847442628,1224,24539
52,not_horse,0.9999979734420776,1248,24539
53,not_horse,0.999998927116394,1272,24539
54,not_horse,0.9999991655349731,1296,24539
55,not_horse,0.9999995231628418,1320,24539
56,not_horse,0.9999996423721312,1344,24539
57,not_horse,0.9999998807907104,1368,24539
58,not_horse,0.9999986886978148,1392,24539
59,not_horse,0.9999986886978148,1416,24539
60,not_horse,0.9999996423721312,1440,24539
61,not_horse,0.9999986886978148,1464,24539
62,not_horse,0.9999995231628418,1488,24539
63,not_horse,0.999998927116394,1512,24539
64,not_horse,0.9999992847442628,1536,24539
65,not_horse,0.9999983310699464,1560,24539
66,not_horse,0.9999997615814208,1584,24539
67,not_horse,0.9999996423721312,1608,24539
68,not_horse,0.9999996423721312,1632,24539
69,not_horse,0.9999997615814208,1656,24539
70,not_horse,0.9999988079071044,1680,24539
71,not_horse,0.9999980926513672,1704,24539
72,not_horse,0.9999921321868896,1728,24539
73,not_horse,0.9999994039535522,1752,24539
74,not_horse,0.9999928474426272,1776,24539
75,not_horse,0.999997854232788,1800,24539
76,not_horse,0.9999945163726808,1824,24539
77,not_horse,0.9999983310699464,1848,24539
78,not_horse,0.9999998807907104,1872,24539
79,not_horse,0.9999982118606568,1896,24539
80,not_horse,0.9999997615814208,1920,24539
81,not_horse,0.9999995231628418,1944,24539
82,not_horse,0.9999982118606568,1968,24539
83,not_horse,0.9999997615814208,1992,24539
84,not_horse,0.9999998807907104,2016,24539
85,not_horse,1.0,2040,24539
86,not_horse,0.9999996423721312,2064,24539
87,not_horse,0.9999990463256836,2088,24539
88,not_horse,0.9999996423721312,2112,24539
89,not_horse,0.9999991655349731,2136,24539
90,not_horse,0.9999996423721312,2160,24539
91,not_horse,0.9999982118606568,2184,24539
92,not_horse,0.999998927116394,2208,24539
93,not_horse,0.999998927116394,2232,24539
94,not_horse,0.9999997615814208,2256,24539
95,not_horse,0.9999998807907104,2280,24539
96,not_horse,0.9999998807907104,2304,24539
97,not_horse,0.9999992847442628,2328,24539
98,not_horse,0.9999991655349731,2352,24539
99,not_horse,0.9999995231628418,2376,24539
100,not_horse,0.999986171722412,2400,24539
101,not_horse,0.9998273849487304,2424,24539
102,not_horse,0.9999895095825196,2448,24539
103,not_horse,0.999996542930603,2472,24539
104,not_horse,0.9999959468841552,2496,24539
105,not_horse,0.9999985694885254,2520,24539
106,not_horse,0.9999954700469972,2544,24539
107,not_horse,0.9999876022338868,2568,24539
108,not_horse,0.999995231628418,2592,24539
109,not_horse,0.999997854232788,2616,24539
110,not_horse,0.9999969005584716,2640,24539
111,not_horse,0.9999998807907104,2664,24539
112,not_horse,0.9999992847442628,2688,24539
113,not_horse,0.9999998807907104,2712,24539
114,not_horse,0.9999806880950928,2736,24539
115,not_horse,0.9999897480010986,2760,24539
116,not_horse,0.9999994039535522,2784,24539
117,not_horse,0.9999988079071044,2808,24539
118,not_horse,0.999998927116394,2832,24539
119,not_horse,0.9999971389770508,2856,24539
120,not_horse,0.9999997615814208,2880,24539
121,not_horse,0.9999997615814208,2904,24539
122,not_horse,0.9999984502792358,2928,24539
123,not_horse,0.9999988079071044,2952,24539
124,not_horse,0.9999991655349731,2976,24539
125,not_horse,0.9999997615814208,3000,24539
126,not_horse,0.9999992847442628,3024,24539
127,not_horse,0.9999994039535522,3048,24539
128,not_horse,0.9999992847442628,3072,24539
129,not_horse,0.9999990463256836,3096,24539
130,not_horse,0.9999969005584716,3120,24539
131,not_horse,0.9999995231628418,3144,24539
132,not_horse,0.9999988079071044,3168,24539
133,not_horse,0.9999997615814208,3192,24539
134,not_horse,0.9999991655349731,3216,24539
135,not_horse,0.9999972581863404,3240,24539
136,not_horse,0.9999891519546508,3264,24539
137,not_horse,0.9999879598617554,3288,24539
138,not_horse,0.999994158744812,3312,24539
139,not_horse,0.999998927116394,3336,24539
140,not_horse,0.9999977350234984,3360,24539
141,not_horse,0.9999992847442628,3384,24539
142,not_horse,0.9999992847442628,3408,24539
143,not_horse,0.9999996423721312,3432,24539
144,not_horse,0.9999995231628418,3456,24539
145,not_horse,0.9999996423721312,3480,24539
146,not_horse,0.9999960660934448,3504,24539
147,not_horse,0.9999983310699464,3528,24539
148,not_horse,0.9999996423721312,3552,24539
149,not_horse,0.9999997615814208,3576,24539
150,not_horse,0.9999997615814208,3600,24539
151,not_horse,0.999998927116394,3624,24539
152,not_horse,0.9999996423721312,3648,24539
153,not_horse,0.9999995231628418,3672,24539
154,not_horse,0.9999992847442628,3696,24539
155,not_horse,0.9999986886978148,3720,24539
156,not_horse,0.9999790191650392,3744,24539
157,not_horse,0.9999953508377076,3768,24539
158,not_horse,0.999998927116394,3792,24539
159,not_horse,0.9999992847442628,3816,24539
160,not_horse,0.9999991655349731,3840,24539
161,not_horse,0.9999986886978148,3864,24539
162,not_horse,0.9999986886978148,3888,24539
163,not_horse,0.9999995231628418,3912,24539
164,not_horse,0.9999996423721312,3936,24539
165,not_horse,0.9999923706054688,3960,24539
166,not_horse,0.9999969005584716,3984,24539
167,not_horse,0.9999983310699464,4008,24539
168,not_horse,0.999997854232788,4032,24539
169,not_horse,0.9999951124191284,4056,24539
170,not_horse,0.999994158744812,4080,24539
171,not_horse,0.9999347925186156,4104,24539
172,not_horse,0.9999895095825196,4128,24539
173,not_horse,0.9999892711639404,4152,24539
174,not_horse,0.9999891519546508,4176,24539
175,not_horse,0.999810516834259,4200,24539
176,not_horse,0.9997854828834534,4224,24539
177,not_horse,0.9999046325683594,4248,24539
178,not_horse,0.999969720840454,4272,24539
179,not_horse,0.9999769926071168,4296,24539
180,not_horse,0.9999772310256958,4320,24539
181,not_horse,0.9999520778656006,4344,24539
182,not_horse,0.9999841451644896,4368,24539
183,not_horse,1.0,4392,24539
184,not_horse,1.0,4416,24539
185,not_horse,1.0,4440,24539
186,not_horse,1.0,4464,24539
187,not_horse,0.9999953508377076,4488,24539
188,not_horse,0.9999628067016602,4512,24539
189,not_horse,0.9999526739120485,4536,24539
190,not_horse,0.9999916553497314,4560,24539
191,not_horse,0.9999969005584716,4584,24539
192,not_horse,0.9999946355819702,4608,24539
193,not_horse,0.9999911785125732,4632,24539
194,not_horse,0.9999734163284302,4656,24539
195,not_horse,0.9999977350234984,4680,24539
196,not_horse,0.9999723434448242,4704,24539
197,not_horse,0.9999932050704956,4728,24539
198,not_horse,0.9999976158142092,4752,24539
199,not_horse,0.999985933303833,4776,24539
200,not_horse,0.9999988079071044,4800,24539
201,not_horse,0.9999988079071044,4824,24539
202,not_horse,0.9999990463256836,4848,24539
203,not_horse,0.9999998807907104,4872,24539
204,not_horse,0.9999796152114868,4896,24539
205,not_horse,0.9999840259552002,4920,24539
206,not_horse,0.9999375343322754,4944,24539
207,not_horse,0.999991774559021,4968,24539
208,not_horse,0.9999942779541016,4992,24539
209,not_horse,0.999993085861206,5016,24539
210,not_horse,0.9999896287918092,5040,24539
211,not_horse,0.999994158744812,5064,24539
212,not_horse,0.9999831914901732,5088,24539
213,not_horse,0.9999969005584716,5112,24539
214,not_horse,0.9999986886978148,5136,24539
215,not_horse,0.9999940395355223,5160,24539
216,not_horse,0.9999850988388062,5184,24539
217,not_horse,0.9999992847442628,5208,24539
218,not_horse,0.9999996423721312,5232,24539
219,not_horse,0.9999995231628418,5256,24539
220,not_horse,0.9999997615814208,5280,24539
221,not_horse,0.9999991655349731,5304,24539
222,not_horse,0.9999997615814208,5328,24539
223,not_horse,0.9999997615814208,5352,24539
224,not_horse,0.9999996423721312,5376,24539
225,not_horse,0.9999997615814208,5400,24539
226,not_horse,0.9999994039535522,5424,24539
227,not_horse,0.9999997615814208,5448,24539
228,not_horse,0.9999988079071044,5472,24539
229,not_horse,0.9999979734420776,5496,24539
230,not_horse,0.9999996423721312,5520,24539
231,not_horse,0.9999994039535522,5544,24539
232,not_horse,0.9999997615814208,5568,24539
233,not_horse,0.9999992847442628,5592,24539
234,not_horse,0.9999974966049194,5616,24539
235,not_horse,0.9999997615814208,5640,24539
236,not_horse,0.9999995231628418,5664,24539
237,not_horse,0.9999998807907104,5688,24539
238,not_horse,0.9999998807907104,5712,24539
239,not_horse,0.9999998807907104,5736,24539
240,not_horse,0.999991536140442,5760,24539
241,not_horse,0.9999897480010986,5784,24539
242,not_horse,0.9999983310699464,5808,24539
243,not_horse,0.9999979734420776,5832,24539
244,not_horse,0.9999873638153076,5856,24539
245,not_horse,0.9999891519546508,5880,24539
246,not_horse,0.9999880790710448,5904,24539
247,not_horse,0.9999898672103882,5928,24539
248,not_horse,0.9999971389770508,5952,24539
249,not_horse,0.9999991655349731,5976,24539
250,not_horse,0.9999988079071044,6000,24539
251,not_horse,0.999996781349182,6024,24539
252,not_horse,0.9999998807907104,6048,24539
253,not_horse,0.9999997615814208,6072,24539
254,not_horse,0.9999984502792358,6096,24539
255,not_horse,0.9999992847442628,6120,24539
256,not_horse,0.9999995231628418,6144,24539
257,not_horse,0.9999958276748656,6168,24539
258,not_horse,0.9999995231628418,6192,24539
259,not_horse,0.9999995231628418,6216,24539
260,not_horse,0.9999998807907104,6240,24539
261,not_horse,0.9999998807907104,6264,24539
262,not_horse,0.999987244606018,6288,24539
263,not_horse,0.9999797344207764,6312,24539
264,not_horse,0.9999933242797852,6336,24539
265,not_horse,0.9999945163726808,6360,24539
266,not_horse,0.9999922513961792,6384,24539
267,not_horse,0.999980330467224,6408,24539
268,not_horse,0.9999969005584716,6432,24539
269,not_horse,0.9999983310699464,6456,24539
270,not_horse,0.9999992847442628,6480,24539
271,not_horse,0.9999918937683104,6504,24539
272,not_horse,0.9999992847442628,6528,24539
273,not_horse,0.9999986886978148,6552,24539
274,not_horse,0.999995231628418,6576,24539
275,not_horse,0.9999969005584716,6600,24539
276,not_horse,0.9999994039535522,6624,24539
277,not_horse,0.9999998807907104,6648,24539
278,not_horse,0.9999998807907104,6672,24539
279,not_horse,1.0,6696,24539
280,not_horse,0.9999998807907104,6720,24539
281,not_horse,0.9999997615814208,6744,24539
282,not_horse,0.9999994039535522,6768,24539
283,not_horse,0.999997854232788,6792,24539
284,not_horse,0.9999997615814208,6816,24539
285,not_horse,0.9999988079071044,6840,24539
286,not_horse,0.9999995231628418,6864,24539
287,not_horse,0.9999998807907104,6888,24539
288,not_horse,0.9999984502792358,6912,24539
289,not_horse,0.9999992847442628,6936,24539
290,not_horse,0.9999991655349731,6960,24539
291,not_horse,0.9999982118606568,6984,24539
292,not_horse,0.9999986886978148,7008,24539
293,not_horse,0.9999990463256836,7032,24539
294,not_horse,0.9999995231628418,7056,24539
295,not_horse,0.9999932050704956,7080,24539
296,not_horse,0.9999996423721312,7104,24539
297,not_horse,0.9999996423721312,7128,24539
298,not_horse,0.9999997615814208,7152,24539
299,not_horse,0.9999994039535522,7176,24539
300,not_horse,0.9999991655349731,7200,24539
301,not_horse,0.9999976158142092,7224,24539
302,not_horse,0.9999980926513672,7248,24539
303,not_horse,0.9999991655349731,7272,24539
304,not_horse,0.99999737739563,7296,24539
305,not_horse,0.9999961853027344,7320,24539
306,not_horse,0.9999976158142092,7344,24539
307,not_horse,0.9999747276306152,7368,24539
308,not_horse,0.999994158744812,7392,24539
309,not_horse,0.9999966621398926,7416,24539
310,not_horse,0.9999957084655762,7440,24539
311,not_horse,0.9999675750732422,7464,24539
312,not_horse,0.9999955892562866,7488,24539
313,not_horse,0.9999997615814208,7512,24539
314,not_horse,0.9999998807907104,7536,24539
315,not_horse,0.9999984502792358,7560,24539
316,not_horse,0.9999990463256836,7584,24539
317,not_horse,0.9999998807907104,7608,24539
318,not_horse,0.9999998807907104,7632,24539
319,not_horse,0.9999997615814208,7656,24539
320,not_horse,0.9999997615814208,7680,24539
321,not_horse,0.9999986886978148,7704,24539
322,not_horse,0.9999992847442628,7728,24539
323,not_horse,0.9999996423721312,7752,24539
324,not_horse,0.9999990463256836,7776,24539
325,not_horse,0.9999997615814208,7800,24539
326,not_horse,0.9999997615814208,7824,24539
327,not_horse,0.9999998807907104,7848,24539
328,not_horse,0.9999998807907104,7872,24539
329,not_horse,0.9999998807907104,7896,24539
330,not_horse,0.9999998807907104,7920,24539
331,not_horse,0.9999994039535522,7944,24539
332,not_horse,0.9999995231628418,7968,24539
333,not_horse,0.9999998807907104,7992,24539
334,not_horse,0.9999992847442628,8016,24539
335,not_horse,0.9999996423721312,8040,24539
336,not_horse,0.9999986886978148,8064,24539
337,not_horse,0.999996542930603,8088,24539
338,not_horse,0.9999992847442628,8112,24539
339,not_horse,0.999995231628418,8136,24539
340,not_horse,0.9999974966049194,8160,24539
341,not_horse,0.9999979734420776,8184,24539
342,not_horse,0.9999972581863404,8208,24539
343,not_horse,0.9999788999557496,8232,24539
344,not_horse,0.9999908208847046,8256,24539
345,not_horse,0.9999998807907104,8280,24539
346,not_horse,0.9999997615814208,8304,24539
347,not_horse,0.9999998807907104,8328,24539
348,not_horse,0.9999997615814208,8352,24539
349,not_horse,0.9999998807907104,8376,24539
350,not_horse,0.9999997615814208,8400,24539
351,not_horse,0.9999996423721312,8424,24539
352,not_horse,0.9999997615814208,8448,24539
353,not_horse,0.9999998807907104,8472,24539
354,not_horse,0.9999997615814208,8496,24539
355,not_horse,1.0,8520,24539
356,not_horse,1.0,8544,24539
357,not_horse,1.0,8568,24539
358,not_horse,1.0,8592,24539
359,not_horse,0.9999995231628418,8616,24539
360,not_horse,0.9999997615814208,8640,24539
361,not_horse,0.9999998807907104,8664,24539
362,not_horse,0.9999998807907104,8688,24539
363,not_horse,0.9999997615814208,8712,24539
364,not_horse,0.9999986886978148,8736,24539
365,not_horse,0.9999995231628418,8760,24539
366,not_horse,0.9999998807907104,8784,24539
367,not_horse,1.0,8808,24539
368,not_horse,1.0,8832,24539
369,not_horse,0.9999997615814208,8856,24539
370,not_horse,0.9999994039535522,8880,24539
371,not_horse,0.9999998807907104,8904,24539
372,not_horse,0.9999998807907104,8928,24539
373,not_horse,0.9999998807907104,8952,24539
374,not_horse,0.9999985694885254,8976,24539
375,not_horse,0.9999994039535522,9000,24539
376,not_horse,0.9999995231628418,9024,24539
377,not_horse,0.9999996423721312,9048,24539
378,not_horse,0.9999997615814208,9072,24539
379,not_horse,0.9999991655349731,9096,24539
380,not_horse,0.9999996423721312,9120,24539
381,not_horse,0.999997854232788,9144,24539
382,not_horse,0.9999998807907104,9168,24539
383,not_horse,0.9999998807907104,9192,24539
384,not_horse,0.9999996423721312,9216,24539
385,not_horse,0.9999998807907104,9240,24539
386,not_horse,0.9999996423721312,9264,24539
387,not_horse,0.9999979734420776,9288,24539
388,not_horse,1.0,9312,24539
389,not_horse,0.9999994039535522,9336,24539
390,not_horse,0.9999996423721312,9360,24539
391,not_horse,0.9999995231628418,9384,24539
392,not_horse,0.9999998807907104,9408,24539
393,not_horse,0.9999998807907104,9432,24539
394,not_horse,1.0,9456,24539
395,not_horse,0.9999996423721312,9480,24539
396,not_horse,0.9999979734420776,9504,24539
397,not_horse,0.9999992847442628,9528,24539
398,not_horse,0.9999821186065674,9552,24539
399,not_horse,0.9999984502792358,9576,24539
400,not_horse,0.9999994039535522,9600,24539
401,not_horse,0.9999997615814208,9624,24539
402,not_horse,0.9999994039535522,9648,24539
403,not_horse,0.9999998807907104,9672,24539
404,not_horse,0.9999994039535522,9696,24539
405,not_horse,0.9999992847442628,9720,24539
406,not_horse,0.9999985694885254,9744,24539
407,not_horse,0.9999995231628418,9768,24539
408,not_horse,0.999997854232788,9792,24539
409,not_horse,0.9999992847442628,9816,24539
410,not_horse,0.9999945163726808,9840,24539
411,not_horse,0.9999990463256836,9864,24539
412,not_horse,0.9999976158142092,9888,24539
413,not_horse,0.999997854232788,9912,24539
414,not_horse,0.999997854232788,9936,24539
415,not_horse,0.9999994039535522,9960,24539
416,not_horse,0.9999970197677612,9984,24539
417,not_horse,0.9999984502792358,10008,24539
418,not_horse,0.9999991655349731,10032,24539
419,not_horse,0.9999997615814208,10056,24539
420,not_horse,0.9958764314651488,10080,24539
421,not_horse,1.0,10104,24539
422,not_horse,1.0,10128,24539
423,not_horse,1.0,10152,24539
424,not_horse,1.0,10176,24539
425,not_horse,1.0,10200,24539
426,not_horse,1.0,10224,24539
427,not_horse,1.0,10248,24539
428,not_horse,1.0,10272,24539
429,not_horse,1.0,10296,24539
430,not_horse,1.0,10320,24539
431,not_horse,1.0,10344,24539
432,not_horse,1.0,10368,24539
433,not_horse,1.0,10392,24539
434,not_horse,1.0,10416,24539
435,not_horse,1.0,10440,24539
436,not_horse,1.0,10464,24539
437,not_horse,1.0,10488,24539
438,not_horse,1.0,10512,24539
439,not_horse,1.0,10536,24539
440,not_horse,1.0,10560,24539
441,not_horse,1.0,10584,24539
442,not_horse,1.0,10608,24539
443,not_horse,1.0,10632,24539
444,not_horse,1.0,10656,24539
445,not_horse,1.0,10680,24539
446,not_horse,1.0,10704,24539
447,not_horse,1.0,10728,24539
448,not_horse,1.0,10752,24539
449,not_horse,0.9999682903289796,10776,24539
450,not_horse,0.9999960660934448,10800,24539
451,not_horse,0.9999850988388062,10824,24539
452,not_horse,0.9999980926513672,10848,24539
453,not_horse,0.9999659061431884,10872,24539
454,not_horse,0.999992609024048,10896,24539
455,not_horse,0.9999938011169434,10920,24539
456,not_horse,0.9999998807907104,10944,24539
457,not_horse,0.999985694885254,10968,24539
458,not_horse,0.99999737739563,10992,24539
459,not_horse,0.9999971389770508,11016,24539
460,not_horse,0.9999551773071288,11040,24539
461,not_horse,0.9999905824661256,11064,24539
462,not_horse,0.9999970197677612,11088,24539
463,not_horse,0.9999980926513672,11112,24539
464,not_horse,0.9998350143432616,11136,24539
465,not_horse,0.9999998807907104,11160,24539
466,not_horse,0.9999997615814208,11184,24539
467,not_horse,0.9999997615814208,11208,24539
468,not_horse,0.9999997615814208,11232,24539
469,not_horse,1.0,11256,24539
470,not_horse,1.0,11280,24539
471,not_horse,0.9999998807907104,11304,24539
472,not_horse,0.9999998807907104,11328,24539
473,not_horse,0.9999996423721312,11352,24539
474,not_horse,0.9999995231628418,11376,24539
475,not_horse,0.99998939037323,11400,24539
476,not_horse,0.9999997615814208,11424,24539
477,not_horse,0.9999995231628418,11448,24539
478,not_horse,0.9999998807907104,11472,24539
479,not_horse,1.0,11496,24539
480,not_horse,0.9999998807907104,11520,24539
481,not_horse,0.9999998807907104,11544,24539
482,not_horse,0.9999997615814208,11568,24539
483,not_horse,0.9999998807907104,11592,24539
484,not_horse,1.0,11616,24539
485,not_horse,0.9999998807907104,11640,24539
486,not_horse,1.0,11664,24539
487,not_horse,1.0,11688,24539
488,not_horse,1.0,11712,24539
489,not_horse,1.0,11736,24539
490,not_horse,1.0,11760,24539
491,not_horse,1.0,11784,24539
492,not_horse,0.9999998807907104,11808,24539
493,not_horse,1.0,11832,24539
494,not_horse,0.9999998807907104,11856,24539
495,not_horse,1.0,11880,24539
496,not_horse,1.0,11904,24539
497,not_horse,0.9999996423721312,11928,24539
498,not_horse,1.0,11952,24539
499,not_horse,0.9999998807907104,11976,24539
500,not_horse,0.9999996423721312,12000,24539
501,not_horse,1.0,12024,24539
502,not_horse,0.9999998807907104,12048,24539
503,not_horse,0.9999995231628418,12072,24539
504,not_horse,0.9999998807907104,12096,24539
505,not_horse,0.9999998807907104,12120,24539
506,not_horse,0.9999996423721312,12144,24539
507,not_horse,0.9999998807907104,12168,24539
508,not_horse,0.9999998807907104,12192,24539
509,not_horse,1.0,12216,24539
510,not_horse,0.9999997615814208,12240,24539
511,not_horse,0.9999951124191284,12264,24539
512,not_horse,0.999998927116394,12288,24539
513,not_horse,0.9999998807907104,12312,24539
514,not_horse,0.9999935626983644,12336,24539
515,not_horse,0.9999994039535522,12360,24539
516,not_horse,0.9999995231628418,12384,24539
517,not_horse,0.9999988079071044,12408,24539
518,not_horse,0.9999997615814208,12432,24539
519,not_horse,0.9999998807907104,12456,24539
520,not_horse,0.9999998807907104,12480,24539
521,not_horse,0.9999998807907104,12504,24539
522,not_horse,0.9999998807907104,12528,24539
523,not_horse,0.9999992847442628,12552,24539
524,not_horse,0.9999995231628418,12576,24539
525,not_horse,0.9999994039535522,12600,24539
526,not_horse,0.9999998807907104,12624,24539
527,not_horse,0.9999998807907104,12648,24539
528,not_horse,0.9999998807907104,12672,24539
529,not_horse,0.9999998807907104,12696,24539
530,not_horse,0.9999998807907104,12720,24539
531,not_horse,0.9999997615814208,12744,24539
532,not_horse,0.9999997615814208,12768,24539
533,not_horse,0.9999997615814208,12792,24539
534,not_horse,0.9999998807907104,12816,24539
535,not_horse,0.9999957084655762,12840,24539
536,not_horse,0.9999997615814208,12864,24539
537,not_horse,0.9999996423721312,12888,24539
538,not_horse,0.9999986886978148,12912,24539
539,not_horse,0.9999997615814208,12936,24539
540,not_horse,0.9999984502792358,12960,24539
541,not_horse,0.9999976158142092,12984,24539
542,not_horse,0.9999988079071044,13008,24539
543,not_horse,0.99999737739563,13032,24539
544,not_horse,0.9999979734420776,13056,24539
545,not_horse,0.9999934434890748,13080,24539
546,not_horse,0.999994158744812,13104,24539
547,not_horse,0.9999994039535522,13128,24539
548,not_horse,1.0,13152,24539
549,not_horse,0.9999996423721312,13176,24539
550,not_horse,0.9999998807907104,13200,24539
551,not_horse,0.9999992847442628,13224,24539
552,not_horse,0.9999982118606568,13248,24539
553,not_horse,0.9999985694885254,13272,24539
554,not_horse,0.9999983310699464,13296,24539
555,not_horse,1.0,13320,24539
556,not_horse,0.9999997615814208,13344,24539
557,not_horse,0.9999997615814208,13368,24539
558,not_horse,0.9999997615814208,13392,24539
559,not_horse,0.9999992847442628,13416,24539
560,not_horse,0.9999998807907104,13440,24539
561,not_horse,1.0,13464,24539
562,not_horse,1.0,13488,24539
563,not_horse,0.9999763965606692,13512,24539
564,not_horse,0.9996190071105956,13536,24539
565,not_horse,0.9999923706054688,13560,24539
566,not_horse,0.999996542930603,13584,24539
567,not_horse,0.9999985694885254,13608,24539
568,not_horse,0.9999986886978148,13632,24539
569,not_horse,0.9999972581863404,13656,24539
570,not_horse,0.9999996423721312,13680,24539
571,not_horse,0.9999998807907104,13704,24539
572,not_horse,1.0,13728,24539
573,not_horse,1.0,13752,24539
574,not_horse,0.9999982118606568,13776,24539
575,not_horse,0.9999994039535522,13800,24539
576,not_horse,0.9999994039535522,13824,24539
577,not_horse,0.9999995231628418,13848,24539
578,not_horse,0.9999988079071044,13872,24539
579,not_horse,0.9999966621398926,13896,24539
580,not_horse,0.999996781349182,13920,24539
581,not_horse,0.9999992847442628,13944,24539
582,not_horse,0.999998927116394,13968,24539
583,not_horse,0.9999994039535522,13992,24539
584,not_horse,0.9999985694885254,14016,24539
585,not_horse,0.9999977350234984,14040,24539
586,not_horse,0.9999990463256836,14064,24539
587,not_horse,0.999998927116394,14088,24539
588,not_horse,0.9999980926513672,14112,24539
589,not_horse,0.9999980926513672,14136,24539
590,not_horse,0.9999951124191284,14160,24539
591,not_horse,0.999997854232788,14184,24539
592,not_horse,0.9999982118606568,14208,24539
593,not_horse,0.999998927116394,14232,24539
594,not_horse,0.9999971389770508,14256,24539
595,not_horse,0.999998927116394,14280,24539
596,not_horse,0.9999983310699464,14304,24539
597,not_horse,0.9999996423721312,14328,24539
598,not_horse,0.9999996423721312,14352,24539
599,not_horse,0.9999998807907104,14376,24539
600,not_horse,0.9999997615814208,14400,24539
601,not_horse,0.9999998807907104,14424,24539
602,not_horse,0.9999943971633912,14448,24539
603,not_horse,0.9999346733093262,14472,24539
604,not_horse,0.9999988079071044,14496,24539
605,not_horse,0.9999986886978148,14520,24539
606,not_horse,0.9999990463256836,14544,24539
607,not_horse,0.9999983310699464,14568,24539
608,not_horse,0.9999970197677612,14592,24539
609,not_horse,0.9999991655349731,14616,24539
610,not_horse,0.9999991655349731,14640,24539
611,not_horse,0.9999985694885254,14664,24539
612,not_horse,0.9999972581863404,14688,24539
613,not_horse,0.9999976158142092,14712,24539
614,not_horse,0.9999998807907104,14736,24539
615,not_horse,0.9999991655349731,14760,24539
616,not_horse,0.9999997615814208,14784,24539
617,not_horse,0.9999996423721312,14808,24539
618,not_horse,0.9999976158142092,14832,24539
619,not_horse,0.9999996423721312,14856,24539
620,not_horse,1.0,14880,24539
621,not_horse,0.9999996423721312,14904,24539
622,not_horse,0.9999994039535522,14928,24539
623,not_horse,0.9999997615814208,14952,24539
624,not_horse,1.0,14976,24539
625,not_horse,1.0,15000,24539
626,not_horse,1.0,15024,24539
627,not_horse,1.0,15048,24539
628,not_horse,1.0,15072,24539
629,not_horse,1.0,15096,24539
630,not_horse,0.9999998807907104,15120,24539
631,not_horse,0.9999996423721312,15144,24539
632,not_horse,0.9999998807907104,15168,24539
633,not_horse,0.9999992847442628,15192,24539
634,not_horse,0.9999994039535522,15216,24539
635,not_horse,0.9999986886978148,15240,24539
636,not_horse,0.9999983310699464,15264,24539
637,not_horse,0.9999986886978148,15288,24539
638,not_horse,0.9999984502792358,15312,24539
639,not_horse,0.9999995231628418,15336,24539
640,not_horse,0.9999994039535522,15360,24539
641,not_horse,0.9999994039535522,15384,24539
642,not_horse,0.9999971389770508,15408,24539
643,not_horse,0.9999979734420776,15432,24539
644,not_horse,0.9999974966049194,15456,24539
645,not_horse,0.9999985694885254,15480,24539
646,not_horse,0.9999979734420776,15504,24539
647,not_horse,0.9999982118606568,15528,24539
648,not_horse,0.9999992847442628,15552,24539
649,not_horse,0.9999992847442628,15576,24539
650,not_horse,0.9999995231628418,15600,24539
651,not_horse,0.9999991655349731,15624,24539
652,not_horse,0.9999996423721312,15648,24539
653,not_horse,0.9999991655349731,15672,24539
654,not_horse,0.9999991655349731,15696,24539
655,not_horse,0.9999991655349731,15720,24539
656,not_horse,0.9999990463256836,15744,24539
657,not_horse,0.999996542930603,15768,24539
658,not_horse,0.9999954700469972,15792,24539
659,not_horse,0.9999991655349731,15816,24539
660,not_horse,0.999992609024048,15840,24539
661,not_horse,0.9999992847442628,15864,24539
662,not_horse,0.9999979734420776,15888,24539
663,not_horse,0.9999994039535522,15912,24539
664,not_horse,0.9999996423721312,15936,24539
665,not_horse,0.9999990463256836,15960,24539
666,not_horse,0.9999994039535522,15984,24539
667,not_horse,0.9999988079071044,16008,24539
668,not_horse,0.9999998807907104,16032,24539
669,not_horse,0.9999994039535522,16056,24539
670,not_horse,1.0,16080,24539
671,not_horse,1.0,16104,24539
672,not_horse,1.0,16128,24539
673,not_horse,1.0,16152,24539
674,not_horse,1.0,16176,24539
675,not_horse,1.0,16200,24539
